{"cytobands": {
	"1": [
		{
			"start": "0",
			"fill": "gneg",
			"end": "185838109"
		}
	],
	"2": [
		{
			"start": "0",
			"fill": "gneg",
			"end": "120857687"
		}
	],
	"3": [
		{
			"start": "0",
			"fill": "gneg",
			"end": "119479920"
		}
	],
	"4": [
		{
			"start": "0",
			"fill": "gneg",
			"end": "108569075"
		}
	],
	"5": [
		{
			"start": "0",
			"fill": "gneg",
			"end": "99680356"
		}
	],
	"6": [
		{
			"start": "0",
			"fill": "gneg",
			"end": "84719076"
		}
	],
	"7": [
		{
			"start": "0",
			"fill": "gneg",
			"end": "98542428"
		}
	],
	"8": [
		{
			"start": "0",
			"fill": "gneg",
			"end": "94057673"
		}
	],
	"9": [
		{
			"start": "0",
			"fill": "gneg",
			"end": "83561422"
		}
	],
	"M": [
		{
			"start": "0",
			"fill": "gneg",
			"end": "16660"
		}
	],
	"X": [
		{
			"start": "0",
			"fill": "gneg",
			"end": "124114077"
		}
	],
	"10": [
		{
			"start": "0",
			"fill": "gneg",
			"end": "83980604"
		}
	],
	"11": [
		{
			"start": "0",
			"fill": "gneg",
			"end": "61308211"
		}
	],
	"12": [
		{
			"start": "0",
			"fill": "gneg",
			"end": "33091231"
		}
	],
	"13": [
		{
			"start": "0",
			"fill": "gneg",
			"end": "42578167"
		}
	],
	"14": [
		{
			"start": "0",
			"fill": "gneg",
			"end": "93904894"
		}
	],
	"15": [
		{
			"start": "0",
			"fill": "gneg",
			"end": "91571448"
		}
	],
	"16": [
		{
			"start": "0",
			"fill": "gneg",
			"end": "87365405"
		}
	],
	"17": [
		{
			"start": "0",
			"fill": "gneg",
			"end": "80757907"
		}
	],
	"18": [
		{
			"start": "0",
			"fill": "gneg",
			"end": "82527541"
		}
	],
	"19": [
		{
			"start": "0",
			"fill": "gneg",
			"end": "59975221"
		}
	],
	"20": [
		{
			"start": "0",
			"fill": "gneg",
			"end": "64166202"
		}
	],
	"21": [
		{
			"start": "0",
			"fill": "gneg",
			"end": "57723302"
		}
	],
	"22": [
		{
			"start": "0",
			"fill": "gneg",
			"end": "49946797"
		}
	],
	"23": [
		{
			"start": "0",
			"fill": "gneg",
			"end": "55726280"
		}
	],
	"24": [
		{
			"start": "0",
			"fill": "gneg",
			"end": "46749900"
		}
	],
	"25": [
		{
			"start": "0",
			"fill": "gneg",
			"end": "39536964"
		}
	],
	"26": [
		{
			"start": "0",
			"fill": "gneg",
			"end": "41866177"
		}
	],
	"27": [
		{
			"start": "0",
			"fill": "gneg",
			"end": "39960074"
		}
	],
	"28": [
		{
			"start": "0",
			"fill": "gneg",
			"end": "46177339"
		}
	],
	"29": [
		{
			"start": "0",
			"fill": "gneg",
			"end": "33672925"
		}
	],
	"30": [
		{
			"start": "0",
			"fill": "gneg",
			"end": "30062385"
		}
	],
	"31": [
		{
			"start": "0",
			"fill": "gneg",
			"end": "24984650"
		}
	],
	"Un": [
		{
			"start": "0",
			"fill": "gneg",
			"end": "117461955"
		}
	]
}
}
