{"cytobands": {
    "9": [
        {
            "start": "0",
            "fill": "gneg",
            "end": "2200000"
        },
        {
            "start": "2200000",
            "fill": "gpos25",
            "end": "4600000"
        },
        {
            "start": "4600000",
            "fill": "gneg",
            "end": "9000000"
        },
        {
            "start": "9000000",
            "fill": "gpos75",
            "end": "14200000"
        },
        {
            "start": "14200000",
            "fill": "gneg",
            "end": "16600000"
        },
        {
            "start": "16600000",
            "fill": "gpos25",
            "end": "18500000"
        },
        {
            "start": "18500000",
            "fill": "gneg",
            "end": "19900000"
        },
        {
            "start": "19900000",
            "fill": "gpos100",
            "end": "25600000"
        },
        {
            "start": "25600000",
            "fill": "gneg",
            "end": "28000000"
        },
        {
            "start": "28000000",
            "fill": "gpos100",
            "end": "33200000"
        },
        {
            "start": "33200000",
            "fill": "gneg",
            "end": "36300000"
        },
        {
            "start": "36300000",
            "fill": "gpos25",
            "end": "38400000"
        },
        {
            "start": "38400000",
            "fill": "gneg",
            "end": "41000000"
        },
        {
            "start": "41000000",
            "fill": "gpos50",
            "end": "43600000"
        },
        {
            "start": "43600000",
            "fill": "gneg",
            "end": "47300000"
        },
        {
            "start": "50700000",
            "fill": "gvar",
            "end": "65900000"
        },
        {
            "start": "65900000",
            "fill": "gneg",
            "end": "68700000"
        },
        {
            "start": "68700000",
            "fill": "gpos25",
            "end": "72200000"
        },
        {
            "start": "72200000",
            "fill": "gneg",
            "end": "74000000"
        },
        {
            "start": "74000000",
            "fill": "gpos50",
            "end": "79200000"
        },
        {
            "start": "79200000",
            "fill": "gneg",
            "end": "81100000"
        },
        {
            "start": "81100000",
            "fill": "gpos50",
            "end": "84100000"
        },
        {
            "start": "84100000",
            "fill": "gneg",
            "end": "86900000"
        },
        {
            "start": "86900000",
            "fill": "gpos50",
            "end": "90400000"
        },
        {
            "start": "90400000",
            "fill": "gneg",
            "end": "91800000"
        },
        {
            "start": "91800000",
            "fill": "gpos25",
            "end": "93900000"
        },
        {
            "start": "93900000",
            "fill": "gneg",
            "end": "96600000"
        },
        {
            "start": "96600000",
            "fill": "gpos25",
            "end": "99300000"
        },
        {
            "start": "99300000",
            "fill": "gneg",
            "end": "102600000"
        },
        {
            "start": "102600000",
            "fill": "gpos100",
            "end": "108200000"
        },
        {
            "start": "108200000",
            "fill": "gneg",
            "end": "111300000"
        },
        {
            "start": "111300000",
            "fill": "gpos25",
            "end": "114900000"
        },
        {
            "start": "114900000",
            "fill": "gneg",
            "end": "117700000"
        },
        {
            "start": "117700000",
            "fill": "gpos75",
            "end": "122500000"
        },
        {
            "start": "122500000",
            "fill": "gneg",
            "end": "125800000"
        },
        {
            "start": "125800000",
            "fill": "gpos25",
            "end": "130300000"
        },
        {
            "start": "130300000",
            "fill": "gneg",
            "end": "133500000"
        },
        {
            "start": "133500000",
            "fill": "gpos25",
            "end": "134000000"
        },
        {
            "start": "134000000",
            "fill": "gneg",
            "end": "135900000"
        },
        {
            "start": "135900000",
            "fill": "gpos25",
            "end": "137400000"
        },
        {
            "start": "137400000",
            "fill": "gneg",
            "end": "141213431"
        }
    ],
    "8": [
        {
            "start": "0",
            "fill": "gneg",
            "end": "2200000"
        },
        {
            "start": "2200000",
            "fill": "gpos75",
            "end": "6200000"
        },
        {
            "start": "6200000",
            "fill": "gneg",
            "end": "12700000"
        },
        {
            "start": "12700000",
            "fill": "gpos100",
            "end": "19000000"
        },
        {
            "start": "19000000",
            "fill": "gneg",
            "end": "23300000"
        },
        {
            "start": "23300000",
            "fill": "gpos50",
            "end": "27400000"
        },
        {
            "start": "27400000",
            "fill": "gneg",
            "end": "28800000"
        },
        {
            "start": "28800000",
            "fill": "gpos75",
            "end": "36500000"
        },
        {
            "start": "36500000",
            "fill": "gneg",
            "end": "38300000"
        },
        {
            "start": "38300000",
            "fill": "gpos25",
            "end": "39700000"
        },
        {
            "start": "39700000",
            "fill": "gneg",
            "end": "43100000"
        },
        {
            "start": "48100000",
            "fill": "gneg",
            "end": "52200000"
        },
        {
            "start": "52200000",
            "fill": "gpos75",
            "end": "52600000"
        },
        {
            "start": "52600000",
            "fill": "gneg",
            "end": "55500000"
        },
        {
            "start": "55500000",
            "fill": "gpos50",
            "end": "61600000"
        },
        {
            "start": "61600000",
            "fill": "gneg",
            "end": "62200000"
        },
        {
            "start": "62200000",
            "fill": "gpos50",
            "end": "66000000"
        },
        {
            "start": "66000000",
            "fill": "gneg",
            "end": "68000000"
        },
        {
            "start": "68000000",
            "fill": "gpos50",
            "end": "70500000"
        },
        {
            "start": "70500000",
            "fill": "gneg",
            "end": "73900000"
        },
        {
            "start": "73900000",
            "fill": "gpos100",
            "end": "78300000"
        },
        {
            "start": "78300000",
            "fill": "gneg",
            "end": "80100000"
        },
        {
            "start": "80100000",
            "fill": "gpos75",
            "end": "84600000"
        },
        {
            "start": "84600000",
            "fill": "gneg",
            "end": "86900000"
        },
        {
            "start": "86900000",
            "fill": "gpos100",
            "end": "93300000"
        },
        {
            "start": "93300000",
            "fill": "gneg",
            "end": "99000000"
        },
        {
            "start": "99000000",
            "fill": "gpos25",
            "end": "101600000"
        },
        {
            "start": "101600000",
            "fill": "gneg",
            "end": "106200000"
        },
        {
            "start": "106200000",
            "fill": "gpos75",
            "end": "110500000"
        },
        {
            "start": "110500000",
            "fill": "gneg",
            "end": "112100000"
        },
        {
            "start": "112100000",
            "fill": "gpos100",
            "end": "117700000"
        },
        {
            "start": "117700000",
            "fill": "gneg",
            "end": "119200000"
        },
        {
            "start": "119200000",
            "fill": "gpos50",
            "end": "122500000"
        },
        {
            "start": "122500000",
            "fill": "gneg",
            "end": "127300000"
        },
        {
            "start": "127300000",
            "fill": "gpos50",
            "end": "131500000"
        },
        {
            "start": "131500000",
            "fill": "gneg",
            "end": "136400000"
        },
        {
            "start": "136400000",
            "fill": "gpos75",
            "end": "139900000"
        },
        {
            "start": "139900000",
            "fill": "gneg",
            "end": "146364022"
        }
    ],
    "3": [
        {
            "start": "0",
            "fill": "gpos50",
            "end": "2800000"
        },
        {
            "start": "2800000",
            "fill": "gneg",
            "end": "4000000"
        },
        {
            "start": "4000000",
            "fill": "gpos50",
            "end": "8700000"
        },
        {
            "start": "8700000",
            "fill": "gneg",
            "end": "11800000"
        },
        {
            "start": "11800000",
            "fill": "gpos25",
            "end": "13300000"
        },
        {
            "start": "13300000",
            "fill": "gneg",
            "end": "16400000"
        },
        {
            "start": "16400000",
            "fill": "gpos100",
            "end": "23900000"
        },
        {
            "start": "23900000",
            "fill": "gneg",
            "end": "26400000"
        },
        {
            "start": "26400000",
            "fill": "gpos75",
            "end": "30900000"
        },
        {
            "start": "30900000",
            "fill": "gneg",
            "end": "32100000"
        },
        {
            "start": "32100000",
            "fill": "gpos50",
            "end": "36500000"
        },
        {
            "start": "36500000",
            "fill": "gneg",
            "end": "39400000"
        },
        {
            "start": "39400000",
            "fill": "gpos75",
            "end": "43700000"
        },
        {
            "start": "43700000",
            "fill": "gneg",
            "end": "44100000"
        },
        {
            "start": "44100000",
            "fill": "gpos50",
            "end": "44200000"
        },
        {
            "start": "44200000",
            "fill": "gneg",
            "end": "50600000"
        },
        {
            "start": "50600000",
            "fill": "gpos25",
            "end": "52300000"
        },
        {
            "start": "52300000",
            "fill": "gneg",
            "end": "54400000"
        },
        {
            "start": "54400000",
            "fill": "gpos50",
            "end": "58600000"
        },
        {
            "start": "58600000",
            "fill": "gneg",
            "end": "63700000"
        },
        {
            "start": "63700000",
            "fill": "gpos50",
            "end": "69800000"
        },
        {
            "start": "69800000",
            "fill": "gneg",
            "end": "74200000"
        },
        {
            "start": "74200000",
            "fill": "gpos75",
            "end": "79800000"
        },
        {
            "start": "79800000",
            "fill": "gneg",
            "end": "83500000"
        },
        {
            "start": "83500000",
            "fill": "gpos75",
            "end": "87200000"
        },
        {
            "start": "87200000",
            "fill": "gneg",
            "end": "87900000"
        },
        {
            "start": "93900000",
            "fill": "gvar",
            "end": "98300000"
        },
        {
            "start": "98300000",
            "fill": "gneg",
            "end": "100000000"
        },
        {
            "start": "100000000",
            "fill": "gpos25",
            "end": "100900000"
        },
        {
            "start": "100900000",
            "fill": "gneg",
            "end": "102800000"
        },
        {
            "start": "102800000",
            "fill": "gpos75",
            "end": "106200000"
        },
        {
            "start": "106200000",
            "fill": "gneg",
            "end": "107900000"
        },
        {
            "start": "107900000",
            "fill": "gpos50",
            "end": "111300000"
        },
        {
            "start": "111300000",
            "fill": "gneg",
            "end": "113500000"
        },
        {
            "start": "113500000",
            "fill": "gpos75",
            "end": "117300000"
        },
        {
            "start": "117300000",
            "fill": "gneg",
            "end": "119000000"
        },
        {
            "start": "119000000",
            "fill": "gpos75",
            "end": "121900000"
        },
        {
            "start": "121900000",
            "fill": "gneg",
            "end": "123800000"
        },
        {
            "start": "123800000",
            "fill": "gpos25",
            "end": "125800000"
        },
        {
            "start": "125800000",
            "fill": "gneg",
            "end": "129200000"
        },
        {
            "start": "129200000",
            "fill": "gpos25",
            "end": "133700000"
        },
        {
            "start": "133700000",
            "fill": "gneg",
            "end": "135700000"
        },
        {
            "start": "135700000",
            "fill": "gpos25",
            "end": "138700000"
        },
        {
            "start": "138700000",
            "fill": "gneg",
            "end": "142800000"
        },
        {
            "start": "142800000",
            "fill": "gpos100",
            "end": "148900000"
        },
        {
            "start": "148900000",
            "fill": "gneg",
            "end": "152100000"
        },
        {
            "start": "152100000",
            "fill": "gpos50",
            "end": "155000000"
        },
        {
            "start": "155000000",
            "fill": "gneg",
            "end": "157000000"
        },
        {
            "start": "157000000",
            "fill": "gpos50",
            "end": "159000000"
        },
        {
            "start": "159000000",
            "fill": "gneg",
            "end": "160700000"
        },
        {
            "start": "160700000",
            "fill": "gpos100",
            "end": "167600000"
        },
        {
            "start": "167600000",
            "fill": "gneg",
            "end": "170900000"
        },
        {
            "start": "170900000",
            "fill": "gpos75",
            "end": "175700000"
        },
        {
            "start": "175700000",
            "fill": "gneg",
            "end": "179000000"
        },
        {
            "start": "179000000",
            "fill": "gpos75",
            "end": "182700000"
        },
        {
            "start": "182700000",
            "fill": "gneg",
            "end": "184500000"
        },
        {
            "start": "184500000",
            "fill": "gpos25",
            "end": "186000000"
        },
        {
            "start": "186000000",
            "fill": "gneg",
            "end": "187900000"
        },
        {
            "start": "187900000",
            "fill": "gpos75",
            "end": "192300000"
        },
        {
            "start": "192300000",
            "fill": "gneg",
            "end": "198022430"
        }
    ],
    "2": [
        {
            "start": "0",
            "fill": "gneg",
            "end": "4400000"
        },
        {
            "start": "4400000",
            "fill": "gpos50",
            "end": "7100000"
        },
        {
            "start": "7100000",
            "fill": "gneg",
            "end": "12200000"
        },
        {
            "start": "12200000",
            "fill": "gpos75",
            "end": "16700000"
        },
        {
            "start": "16700000",
            "fill": "gneg",
            "end": "19200000"
        },
        {
            "start": "19200000",
            "fill": "gpos75",
            "end": "24000000"
        },
        {
            "start": "24000000",
            "fill": "gneg",
            "end": "27900000"
        },
        {
            "start": "27900000",
            "fill": "gpos25",
            "end": "30000000"
        },
        {
            "start": "30000000",
            "fill": "gneg",
            "end": "32100000"
        },
        {
            "start": "32100000",
            "fill": "gpos75",
            "end": "36600000"
        },
        {
            "start": "36600000",
            "fill": "gneg",
            "end": "38600000"
        },
        {
            "start": "38600000",
            "fill": "gpos50",
            "end": "41800000"
        },
        {
            "start": "41800000",
            "fill": "gneg",
            "end": "47800000"
        },
        {
            "start": "47800000",
            "fill": "gpos100",
            "end": "52900000"
        },
        {
            "start": "52900000",
            "fill": "gneg",
            "end": "55000000"
        },
        {
            "start": "55000000",
            "fill": "gpos100",
            "end": "61300000"
        },
        {
            "start": "61300000",
            "fill": "gneg",
            "end": "64100000"
        },
        {
            "start": "64100000",
            "fill": "gpos50",
            "end": "68600000"
        },
        {
            "start": "68600000",
            "fill": "gneg",
            "end": "71500000"
        },
        {
            "start": "71500000",
            "fill": "gpos50",
            "end": "73500000"
        },
        {
            "start": "73500000",
            "fill": "gneg",
            "end": "75000000"
        },
        {
            "start": "75000000",
            "fill": "gpos100",
            "end": "83300000"
        },
        {
            "start": "83300000",
            "fill": "gneg",
            "end": "90500000"
        },
        {
            "start": "96800000",
            "fill": "gneg",
            "end": "102700000"
        },
        {
            "start": "102700000",
            "fill": "gpos50",
            "end": "106000000"
        },
        {
            "start": "106000000",
            "fill": "gneg",
            "end": "107500000"
        },
        {
            "start": "107500000",
            "fill": "gpos25",
            "end": "110200000"
        },
        {
            "start": "110200000",
            "fill": "gneg",
            "end": "114400000"
        },
        {
            "start": "114400000",
            "fill": "gpos50",
            "end": "118800000"
        },
        {
            "start": "118800000",
            "fill": "gneg",
            "end": "122400000"
        },
        {
            "start": "122400000",
            "fill": "gpos50",
            "end": "129900000"
        },
        {
            "start": "129900000",
            "fill": "gneg",
            "end": "132500000"
        },
        {
            "start": "132500000",
            "fill": "gpos25",
            "end": "135100000"
        },
        {
            "start": "135100000",
            "fill": "gneg",
            "end": "136800000"
        },
        {
            "start": "136800000",
            "fill": "gpos100",
            "end": "142200000"
        },
        {
            "start": "142200000",
            "fill": "gneg",
            "end": "144100000"
        },
        {
            "start": "144100000",
            "fill": "gpos100",
            "end": "148700000"
        },
        {
            "start": "148700000",
            "fill": "gneg",
            "end": "149900000"
        },
        {
            "start": "149900000",
            "fill": "gpos25",
            "end": "150500000"
        },
        {
            "start": "150500000",
            "fill": "gneg",
            "end": "154900000"
        },
        {
            "start": "154900000",
            "fill": "gpos75",
            "end": "159800000"
        },
        {
            "start": "159800000",
            "fill": "gneg",
            "end": "163700000"
        },
        {
            "start": "163700000",
            "fill": "gpos75",
            "end": "169700000"
        },
        {
            "start": "169700000",
            "fill": "gneg",
            "end": "178000000"
        },
        {
            "start": "178000000",
            "fill": "gpos50",
            "end": "180600000"
        },
        {
            "start": "180600000",
            "fill": "gneg",
            "end": "183000000"
        },
        {
            "start": "183000000",
            "fill": "gpos75",
            "end": "189400000"
        },
        {
            "start": "189400000",
            "fill": "gneg",
            "end": "191900000"
        },
        {
            "start": "191900000",
            "fill": "gpos75",
            "end": "197400000"
        },
        {
            "start": "197400000",
            "fill": "gneg",
            "end": "203300000"
        },
        {
            "start": "203300000",
            "fill": "gpos50",
            "end": "204900000"
        },
        {
            "start": "204900000",
            "fill": "gneg",
            "end": "209000000"
        },
        {
            "start": "209000000",
            "fill": "gpos100",
            "end": "215300000"
        },
        {
            "start": "215300000",
            "fill": "gneg",
            "end": "221500000"
        },
        {
            "start": "221500000",
            "fill": "gpos75",
            "end": "225200000"
        },
        {
            "start": "225200000",
            "fill": "gneg",
            "end": "226100000"
        },
        {
            "start": "226100000",
            "fill": "gpos100",
            "end": "231000000"
        },
        {
            "start": "231000000",
            "fill": "gneg",
            "end": "235600000"
        },
        {
            "start": "235600000",
            "fill": "gpos50",
            "end": "237300000"
        },
        {
            "start": "237300000",
            "fill": "gneg",
            "end": "243199373"
        }
    ],
    "1": [
        {
            "start": "0",
            "fill": "gneg",
            "end": "2300000"
        },
        {
            "start": "2300000",
            "fill": "gpos25",
            "end": "5400000"
        },
        {
            "start": "5400000",
            "fill": "gneg",
            "end": "7200000"
        },
        {
            "start": "7200000",
            "fill": "gpos25",
            "end": "9200000"
        },
        {
            "start": "9200000",
            "fill": "gneg",
            "end": "12700000"
        },
        {
            "start": "12700000",
            "fill": "gpos50",
            "end": "16200000"
        },
        {
            "start": "16200000",
            "fill": "gneg",
            "end": "20400000"
        },
        {
            "start": "20400000",
            "fill": "gpos25",
            "end": "23900000"
        },
        {
            "start": "23900000",
            "fill": "gneg",
            "end": "28000000"
        },
        {
            "start": "28000000",
            "fill": "gpos25",
            "end": "30200000"
        },
        {
            "start": "30200000",
            "fill": "gneg",
            "end": "32400000"
        },
        {
            "start": "32400000",
            "fill": "gpos25",
            "end": "34600000"
        },
        {
            "start": "34600000",
            "fill": "gneg",
            "end": "40100000"
        },
        {
            "start": "40100000",
            "fill": "gpos25",
            "end": "44100000"
        },
        {
            "start": "44100000",
            "fill": "gneg",
            "end": "46800000"
        },
        {
            "start": "46800000",
            "fill": "gpos75",
            "end": "50700000"
        },
        {
            "start": "50700000",
            "fill": "gneg",
            "end": "56100000"
        },
        {
            "start": "56100000",
            "fill": "gpos50",
            "end": "59000000"
        },
        {
            "start": "59000000",
            "fill": "gneg",
            "end": "61300000"
        },
        {
            "start": "61300000",
            "fill": "gpos50",
            "end": "68900000"
        },
        {
            "start": "68900000",
            "fill": "gneg",
            "end": "69700000"
        },
        {
            "start": "69700000",
            "fill": "gpos100",
            "end": "84900000"
        },
        {
            "start": "84900000",
            "fill": "gneg",
            "end": "88400000"
        },
        {
            "start": "88400000",
            "fill": "gpos75",
            "end": "92000000"
        },
        {
            "start": "92000000",
            "fill": "gneg",
            "end": "94700000"
        },
        {
            "start": "94700000",
            "fill": "gpos75",
            "end": "99700000"
        },
        {
            "start": "99700000",
            "fill": "gneg",
            "end": "102200000"
        },
        {
            "start": "102200000",
            "fill": "gpos100",
            "end": "107200000"
        },
        {
            "start": "107200000",
            "fill": "gneg",
            "end": "111800000"
        },
        {
            "start": "111800000",
            "fill": "gpos50",
            "end": "116100000"
        },
        {
            "start": "116100000",
            "fill": "gneg",
            "end": "117800000"
        },
        {
            "start": "117800000",
            "fill": "gpos50",
            "end": "120600000"
        },
        {
            "start": "120600000",
            "fill": "gneg",
            "end": "121500000"
        },
        {
            "start": "128900000",
            "fill": "gvar",
            "end": "142600000"
        },
        {
            "start": "142600000",
            "fill": "gneg",
            "end": "147000000"
        },
        {
            "start": "147000000",
            "fill": "gpos50",
            "end": "150300000"
        },
        {
            "start": "150300000",
            "fill": "gneg",
            "end": "155000000"
        },
        {
            "start": "155000000",
            "fill": "gpos50",
            "end": "156500000"
        },
        {
            "start": "156500000",
            "fill": "gneg",
            "end": "159100000"
        },
        {
            "start": "159100000",
            "fill": "gpos50",
            "end": "160500000"
        },
        {
            "start": "160500000",
            "fill": "gneg",
            "end": "165500000"
        },
        {
            "start": "165500000",
            "fill": "gpos50",
            "end": "167200000"
        },
        {
            "start": "167200000",
            "fill": "gneg",
            "end": "170900000"
        },
        {
            "start": "170900000",
            "fill": "gpos75",
            "end": "172900000"
        },
        {
            "start": "172900000",
            "fill": "gneg",
            "end": "176000000"
        },
        {
            "start": "176000000",
            "fill": "gpos50",
            "end": "180300000"
        },
        {
            "start": "180300000",
            "fill": "gneg",
            "end": "185800000"
        },
        {
            "start": "185800000",
            "fill": "gpos100",
            "end": "190800000"
        },
        {
            "start": "190800000",
            "fill": "gneg",
            "end": "193800000"
        },
        {
            "start": "193800000",
            "fill": "gpos100",
            "end": "198700000"
        },
        {
            "start": "198700000",
            "fill": "gneg",
            "end": "207200000"
        },
        {
            "start": "207200000",
            "fill": "gpos25",
            "end": "211500000"
        },
        {
            "start": "211500000",
            "fill": "gneg",
            "end": "214500000"
        },
        {
            "start": "214500000",
            "fill": "gpos100",
            "end": "224100000"
        },
        {
            "start": "224100000",
            "fill": "gneg",
            "end": "224600000"
        },
        {
            "start": "224600000",
            "fill": "gpos25",
            "end": "227000000"
        },
        {
            "start": "227000000",
            "fill": "gneg",
            "end": "230700000"
        },
        {
            "start": "230700000",
            "fill": "gpos50",
            "end": "234700000"
        },
        {
            "start": "234700000",
            "fill": "gneg",
            "end": "236600000"
        },
        {
            "start": "236600000",
            "fill": "gpos75",
            "end": "243700000"
        },
        {
            "start": "243700000",
            "fill": "gneg",
            "end": "249250621"
        }
    ],
    "7": [
        {
            "start": "0",
            "fill": "gneg",
            "end": "2800000"
        },
        {
            "start": "2800000",
            "fill": "gpos25",
            "end": "4500000"
        },
        {
            "start": "4500000",
            "fill": "gneg",
            "end": "7300000"
        },
        {
            "start": "7300000",
            "fill": "gpos100",
            "end": "13800000"
        },
        {
            "start": "13800000",
            "fill": "gneg",
            "end": "16500000"
        },
        {
            "start": "16500000",
            "fill": "gpos100",
            "end": "20900000"
        },
        {
            "start": "20900000",
            "fill": "gneg",
            "end": "25500000"
        },
        {
            "start": "25500000",
            "fill": "gpos50",
            "end": "28000000"
        },
        {
            "start": "28000000",
            "fill": "gneg",
            "end": "28800000"
        },
        {
            "start": "28800000",
            "fill": "gpos75",
            "end": "35000000"
        },
        {
            "start": "35000000",
            "fill": "gneg",
            "end": "37200000"
        },
        {
            "start": "37200000",
            "fill": "gpos75",
            "end": "43300000"
        },
        {
            "start": "43300000",
            "fill": "gneg",
            "end": "45400000"
        },
        {
            "start": "45400000",
            "fill": "gpos75",
            "end": "49000000"
        },
        {
            "start": "49000000",
            "fill": "gneg",
            "end": "50500000"
        },
        {
            "start": "50500000",
            "fill": "gpos75",
            "end": "54000000"
        },
        {
            "start": "54000000",
            "fill": "gneg",
            "end": "58000000"
        },
        {
            "start": "61700000",
            "fill": "gneg",
            "end": "67000000"
        },
        {
            "start": "67000000",
            "fill": "gpos50",
            "end": "72200000"
        },
        {
            "start": "72200000",
            "fill": "gneg",
            "end": "77500000"
        },
        {
            "start": "77500000",
            "fill": "gpos100",
            "end": "86400000"
        },
        {
            "start": "86400000",
            "fill": "gneg",
            "end": "88200000"
        },
        {
            "start": "88200000",
            "fill": "gpos75",
            "end": "91100000"
        },
        {
            "start": "91100000",
            "fill": "gneg",
            "end": "92800000"
        },
        {
            "start": "92800000",
            "fill": "gpos75",
            "end": "98000000"
        },
        {
            "start": "98000000",
            "fill": "gneg",
            "end": "103800000"
        },
        {
            "start": "103800000",
            "fill": "gpos50",
            "end": "104500000"
        },
        {
            "start": "104500000",
            "fill": "gneg",
            "end": "107400000"
        },
        {
            "start": "107400000",
            "fill": "gpos75",
            "end": "114600000"
        },
        {
            "start": "114600000",
            "fill": "gneg",
            "end": "117400000"
        },
        {
            "start": "117400000",
            "fill": "gpos75",
            "end": "121100000"
        },
        {
            "start": "121100000",
            "fill": "gneg",
            "end": "123800000"
        },
        {
            "start": "123800000",
            "fill": "gpos75",
            "end": "127100000"
        },
        {
            "start": "127100000",
            "fill": "gneg",
            "end": "129200000"
        },
        {
            "start": "129200000",
            "fill": "gpos25",
            "end": "130400000"
        },
        {
            "start": "130400000",
            "fill": "gneg",
            "end": "132600000"
        },
        {
            "start": "132600000",
            "fill": "gpos50",
            "end": "138200000"
        },
        {
            "start": "138200000",
            "fill": "gneg",
            "end": "143100000"
        },
        {
            "start": "143100000",
            "fill": "gpos75",
            "end": "147900000"
        },
        {
            "start": "147900000",
            "fill": "gneg",
            "end": "152600000"
        },
        {
            "start": "152600000",
            "fill": "gpos25",
            "end": "155100000"
        },
        {
            "start": "155100000",
            "fill": "gneg",
            "end": "159138663"
        }
    ],
    "6": [
        {
            "start": "0",
            "fill": "gneg",
            "end": "2300000"
        },
        {
            "start": "2300000",
            "fill": "gpos25",
            "end": "4200000"
        },
        {
            "start": "4200000",
            "fill": "gneg",
            "end": "7100000"
        },
        {
            "start": "7100000",
            "fill": "gpos50",
            "end": "10600000"
        },
        {
            "start": "10600000",
            "fill": "gneg",
            "end": "11600000"
        },
        {
            "start": "11600000",
            "fill": "gpos25",
            "end": "13400000"
        },
        {
            "start": "13400000",
            "fill": "gneg",
            "end": "15200000"
        },
        {
            "start": "15200000",
            "fill": "gpos75",
            "end": "25200000"
        },
        {
            "start": "25200000",
            "fill": "gneg",
            "end": "27000000"
        },
        {
            "start": "27000000",
            "fill": "gpos50",
            "end": "30400000"
        },
        {
            "start": "30400000",
            "fill": "gneg",
            "end": "32100000"
        },
        {
            "start": "32100000",
            "fill": "gpos25",
            "end": "33500000"
        },
        {
            "start": "33500000",
            "fill": "gneg",
            "end": "36600000"
        },
        {
            "start": "36600000",
            "fill": "gpos25",
            "end": "40500000"
        },
        {
            "start": "40500000",
            "fill": "gneg",
            "end": "46200000"
        },
        {
            "start": "46200000",
            "fill": "gpos100",
            "end": "51800000"
        },
        {
            "start": "51800000",
            "fill": "gneg",
            "end": "52900000"
        },
        {
            "start": "52900000",
            "fill": "gpos100",
            "end": "57000000"
        },
        {
            "start": "57000000",
            "fill": "gneg",
            "end": "58700000"
        },
        {
            "start": "63300000",
            "fill": "gneg",
            "end": "63400000"
        },
        {
            "start": "63400000",
            "fill": "gpos100",
            "end": "70000000"
        },
        {
            "start": "70000000",
            "fill": "gneg",
            "end": "75900000"
        },
        {
            "start": "75900000",
            "fill": "gpos50",
            "end": "83900000"
        },
        {
            "start": "83900000",
            "fill": "gneg",
            "end": "84900000"
        },
        {
            "start": "84900000",
            "fill": "gpos50",
            "end": "88000000"
        },
        {
            "start": "88000000",
            "fill": "gneg",
            "end": "93100000"
        },
        {
            "start": "93100000",
            "fill": "gpos100",
            "end": "99500000"
        },
        {
            "start": "99500000",
            "fill": "gneg",
            "end": "100600000"
        },
        {
            "start": "100600000",
            "fill": "gpos100",
            "end": "105500000"
        },
        {
            "start": "105500000",
            "fill": "gneg",
            "end": "114600000"
        },
        {
            "start": "114600000",
            "fill": "gpos75",
            "end": "118300000"
        },
        {
            "start": "118300000",
            "fill": "gneg",
            "end": "118500000"
        },
        {
            "start": "118500000",
            "fill": "gpos100",
            "end": "126100000"
        },
        {
            "start": "126100000",
            "fill": "gneg",
            "end": "127100000"
        },
        {
            "start": "127100000",
            "fill": "gpos75",
            "end": "130300000"
        },
        {
            "start": "130300000",
            "fill": "gneg",
            "end": "131200000"
        },
        {
            "start": "131200000",
            "fill": "gpos50",
            "end": "135200000"
        },
        {
            "start": "135200000",
            "fill": "gneg",
            "end": "139000000"
        },
        {
            "start": "139000000",
            "fill": "gpos75",
            "end": "142800000"
        },
        {
            "start": "142800000",
            "fill": "gneg",
            "end": "145600000"
        },
        {
            "start": "145600000",
            "fill": "gpos75",
            "end": "149000000"
        },
        {
            "start": "149000000",
            "fill": "gneg",
            "end": "152500000"
        },
        {
            "start": "152500000",
            "fill": "gpos50",
            "end": "155500000"
        },
        {
            "start": "155500000",
            "fill": "gneg",
            "end": "161000000"
        },
        {
            "start": "161000000",
            "fill": "gpos50",
            "end": "164500000"
        },
        {
            "start": "164500000",
            "fill": "gneg",
            "end": "171115067"
        }
    ],
    "5": [
        {
            "start": "0",
            "fill": "gneg",
            "end": "4500000"
        },
        {
            "start": "4500000",
            "fill": "gpos25",
            "end": "6300000"
        },
        {
            "start": "6300000",
            "fill": "gneg",
            "end": "9800000"
        },
        {
            "start": "9800000",
            "fill": "gpos50",
            "end": "15000000"
        },
        {
            "start": "15000000",
            "fill": "gneg",
            "end": "18400000"
        },
        {
            "start": "18400000",
            "fill": "gpos100",
            "end": "23300000"
        },
        {
            "start": "23300000",
            "fill": "gneg",
            "end": "24600000"
        },
        {
            "start": "24600000",
            "fill": "gpos100",
            "end": "28900000"
        },
        {
            "start": "28900000",
            "fill": "gneg",
            "end": "33800000"
        },
        {
            "start": "33800000",
            "fill": "gpos25",
            "end": "38400000"
        },
        {
            "start": "38400000",
            "fill": "gneg",
            "end": "42500000"
        },
        {
            "start": "42500000",
            "fill": "gpos50",
            "end": "46100000"
        },
        {
            "start": "50700000",
            "fill": "gneg",
            "end": "58900000"
        },
        {
            "start": "58900000",
            "fill": "gpos75",
            "end": "62900000"
        },
        {
            "start": "62900000",
            "fill": "gneg",
            "end": "63200000"
        },
        {
            "start": "63200000",
            "fill": "gpos75",
            "end": "66700000"
        },
        {
            "start": "66700000",
            "fill": "gneg",
            "end": "68400000"
        },
        {
            "start": "68400000",
            "fill": "gpos50",
            "end": "73300000"
        },
        {
            "start": "73300000",
            "fill": "gneg",
            "end": "76900000"
        },
        {
            "start": "76900000",
            "fill": "gpos50",
            "end": "81400000"
        },
        {
            "start": "81400000",
            "fill": "gneg",
            "end": "82800000"
        },
        {
            "start": "82800000",
            "fill": "gpos100",
            "end": "92300000"
        },
        {
            "start": "92300000",
            "fill": "gneg",
            "end": "98200000"
        },
        {
            "start": "98200000",
            "fill": "gpos100",
            "end": "102800000"
        },
        {
            "start": "102800000",
            "fill": "gneg",
            "end": "104500000"
        },
        {
            "start": "104500000",
            "fill": "gpos100",
            "end": "109600000"
        },
        {
            "start": "109600000",
            "fill": "gneg",
            "end": "111500000"
        },
        {
            "start": "111500000",
            "fill": "gpos50",
            "end": "113100000"
        },
        {
            "start": "113100000",
            "fill": "gneg",
            "end": "115200000"
        },
        {
            "start": "115200000",
            "fill": "gpos100",
            "end": "121400000"
        },
        {
            "start": "121400000",
            "fill": "gneg",
            "end": "127300000"
        },
        {
            "start": "127300000",
            "fill": "gpos100",
            "end": "130600000"
        },
        {
            "start": "130600000",
            "fill": "gneg",
            "end": "136200000"
        },
        {
            "start": "136200000",
            "fill": "gpos25",
            "end": "139500000"
        },
        {
            "start": "139500000",
            "fill": "gneg",
            "end": "144500000"
        },
        {
            "start": "144500000",
            "fill": "gpos75",
            "end": "149800000"
        },
        {
            "start": "149800000",
            "fill": "gneg",
            "end": "152700000"
        },
        {
            "start": "152700000",
            "fill": "gpos50",
            "end": "155700000"
        },
        {
            "start": "155700000",
            "fill": "gneg",
            "end": "159900000"
        },
        {
            "start": "159900000",
            "fill": "gpos100",
            "end": "168500000"
        },
        {
            "start": "168500000",
            "fill": "gneg",
            "end": "172800000"
        },
        {
            "start": "172800000",
            "fill": "gpos25",
            "end": "176600000"
        },
        {
            "start": "176600000",
            "fill": "gneg",
            "end": "180915260"
        }
    ],
    "4": [
        {
            "start": "0",
            "fill": "gneg",
            "end": "4500000"
        },
        {
            "start": "4500000",
            "fill": "gpos25",
            "end": "6000000"
        },
        {
            "start": "6000000",
            "fill": "gneg",
            "end": "11300000"
        },
        {
            "start": "11300000",
            "fill": "gpos50",
            "end": "15200000"
        },
        {
            "start": "15200000",
            "fill": "gneg",
            "end": "17800000"
        },
        {
            "start": "17800000",
            "fill": "gpos75",
            "end": "21300000"
        },
        {
            "start": "21300000",
            "fill": "gneg",
            "end": "27700000"
        },
        {
            "start": "27700000",
            "fill": "gpos100",
            "end": "35800000"
        },
        {
            "start": "35800000",
            "fill": "gneg",
            "end": "41200000"
        },
        {
            "start": "41200000",
            "fill": "gpos50",
            "end": "44600000"
        },
        {
            "start": "44600000",
            "fill": "gneg",
            "end": "48200000"
        },
        {
            "start": "52700000",
            "fill": "gneg",
            "end": "59500000"
        },
        {
            "start": "59500000",
            "fill": "gpos100",
            "end": "66600000"
        },
        {
            "start": "66600000",
            "fill": "gneg",
            "end": "70500000"
        },
        {
            "start": "70500000",
            "fill": "gpos75",
            "end": "76300000"
        },
        {
            "start": "76300000",
            "fill": "gneg",
            "end": "78900000"
        },
        {
            "start": "78900000",
            "fill": "gpos50",
            "end": "82400000"
        },
        {
            "start": "82400000",
            "fill": "gneg",
            "end": "84100000"
        },
        {
            "start": "84100000",
            "fill": "gpos25",
            "end": "86900000"
        },
        {
            "start": "86900000",
            "fill": "gneg",
            "end": "88000000"
        },
        {
            "start": "88000000",
            "fill": "gpos75",
            "end": "93700000"
        },
        {
            "start": "93700000",
            "fill": "gneg",
            "end": "95100000"
        },
        {
            "start": "95100000",
            "fill": "gpos75",
            "end": "98800000"
        },
        {
            "start": "98800000",
            "fill": "gneg",
            "end": "101100000"
        },
        {
            "start": "101100000",
            "fill": "gpos50",
            "end": "107700000"
        },
        {
            "start": "107700000",
            "fill": "gneg",
            "end": "114100000"
        },
        {
            "start": "114100000",
            "fill": "gpos75",
            "end": "120800000"
        },
        {
            "start": "120800000",
            "fill": "gneg",
            "end": "123800000"
        },
        {
            "start": "123800000",
            "fill": "gpos50",
            "end": "128800000"
        },
        {
            "start": "128800000",
            "fill": "gneg",
            "end": "131100000"
        },
        {
            "start": "131100000",
            "fill": "gpos100",
            "end": "139500000"
        },
        {
            "start": "139500000",
            "fill": "gneg",
            "end": "141500000"
        },
        {
            "start": "141500000",
            "fill": "gpos25",
            "end": "146800000"
        },
        {
            "start": "146800000",
            "fill": "gneg",
            "end": "148500000"
        },
        {
            "start": "148500000",
            "fill": "gpos25",
            "end": "151100000"
        },
        {
            "start": "151100000",
            "fill": "gneg",
            "end": "155600000"
        },
        {
            "start": "155600000",
            "fill": "gpos100",
            "end": "161800000"
        },
        {
            "start": "161800000",
            "fill": "gneg",
            "end": "164500000"
        },
        {
            "start": "164500000",
            "fill": "gpos100",
            "end": "170100000"
        },
        {
            "start": "170100000",
            "fill": "gneg",
            "end": "171900000"
        },
        {
            "start": "171900000",
            "fill": "gpos75",
            "end": "176300000"
        },
        {
            "start": "176300000",
            "fill": "gneg",
            "end": "177500000"
        },
        {
            "start": "177500000",
            "fill": "gpos100",
            "end": "183200000"
        },
        {
            "start": "183200000",
            "fill": "gneg",
            "end": "187100000"
        },
        {
            "start": "187100000",
            "fill": "gpos25",
            "end": "191154276"
        }
    ],
    "13": [
        {
            "start": "0",
            "fill": "gvar",
            "end": "4500000"
        },
        {
            "start": "4500000",
            "fill": "stalk",
            "end": "10000000"
        },
        {
            "start": "10000000",
            "fill": "gvar",
            "end": "16300000"
        },
        {
            "start": "19500000",
            "fill": "gneg",
            "end": "23300000"
        },
        {
            "start": "23300000",
            "fill": "gpos25",
            "end": "25500000"
        },
        {
            "start": "25500000",
            "fill": "gneg",
            "end": "27800000"
        },
        {
            "start": "27800000",
            "fill": "gpos25",
            "end": "28900000"
        },
        {
            "start": "28900000",
            "fill": "gneg",
            "end": "32200000"
        },
        {
            "start": "32200000",
            "fill": "gpos50",
            "end": "34000000"
        },
        {
            "start": "34000000",
            "fill": "gneg",
            "end": "35500000"
        },
        {
            "start": "35500000",
            "fill": "gpos75",
            "end": "40100000"
        },
        {
            "start": "40100000",
            "fill": "gneg",
            "end": "45200000"
        },
        {
            "start": "45200000",
            "fill": "gpos25",
            "end": "45800000"
        },
        {
            "start": "45800000",
            "fill": "gneg",
            "end": "47300000"
        },
        {
            "start": "47300000",
            "fill": "gpos50",
            "end": "50900000"
        },
        {
            "start": "50900000",
            "fill": "gneg",
            "end": "55300000"
        },
        {
            "start": "55300000",
            "fill": "gpos100",
            "end": "59600000"
        },
        {
            "start": "59600000",
            "fill": "gneg",
            "end": "62300000"
        },
        {
            "start": "62300000",
            "fill": "gpos75",
            "end": "65700000"
        },
        {
            "start": "65700000",
            "fill": "gneg",
            "end": "68600000"
        },
        {
            "start": "68600000",
            "fill": "gpos100",
            "end": "73300000"
        },
        {
            "start": "73300000",
            "fill": "gneg",
            "end": "75400000"
        },
        {
            "start": "75400000",
            "fill": "gpos50",
            "end": "77200000"
        },
        {
            "start": "77200000",
            "fill": "gneg",
            "end": "79000000"
        },
        {
            "start": "79000000",
            "fill": "gpos100",
            "end": "87700000"
        },
        {
            "start": "87700000",
            "fill": "gneg",
            "end": "90000000"
        },
        {
            "start": "90000000",
            "fill": "gpos100",
            "end": "95000000"
        },
        {
            "start": "95000000",
            "fill": "gneg",
            "end": "98200000"
        },
        {
            "start": "98200000",
            "fill": "gpos25",
            "end": "99300000"
        },
        {
            "start": "99300000",
            "fill": "gneg",
            "end": "101700000"
        },
        {
            "start": "101700000",
            "fill": "gpos100",
            "end": "104800000"
        },
        {
            "start": "104800000",
            "fill": "gneg",
            "end": "107000000"
        },
        {
            "start": "107000000",
            "fill": "gpos100",
            "end": "110300000"
        },
        {
            "start": "110300000",
            "fill": "gneg",
            "end": "115169878"
        }
    ],
    "12": [
        {
            "start": "0",
            "fill": "gneg",
            "end": "3300000"
        },
        {
            "start": "3300000",
            "fill": "gpos25",
            "end": "5400000"
        },
        {
            "start": "5400000",
            "fill": "gneg",
            "end": "10100000"
        },
        {
            "start": "10100000",
            "fill": "gpos75",
            "end": "12800000"
        },
        {
            "start": "12800000",
            "fill": "gneg",
            "end": "14800000"
        },
        {
            "start": "14800000",
            "fill": "gpos100",
            "end": "20000000"
        },
        {
            "start": "20000000",
            "fill": "gneg",
            "end": "21300000"
        },
        {
            "start": "21300000",
            "fill": "gpos100",
            "end": "26500000"
        },
        {
            "start": "26500000",
            "fill": "gneg",
            "end": "27800000"
        },
        {
            "start": "27800000",
            "fill": "gpos50",
            "end": "30700000"
        },
        {
            "start": "30700000",
            "fill": "gneg",
            "end": "33300000"
        },
        {
            "start": "38200000",
            "fill": "gpos100",
            "end": "46400000"
        },
        {
            "start": "46400000",
            "fill": "gneg",
            "end": "49100000"
        },
        {
            "start": "49100000",
            "fill": "gpos25",
            "end": "51500000"
        },
        {
            "start": "51500000",
            "fill": "gneg",
            "end": "54900000"
        },
        {
            "start": "54900000",
            "fill": "gpos25",
            "end": "56600000"
        },
        {
            "start": "56600000",
            "fill": "gneg",
            "end": "58100000"
        },
        {
            "start": "58100000",
            "fill": "gpos75",
            "end": "63100000"
        },
        {
            "start": "63100000",
            "fill": "gneg",
            "end": "65100000"
        },
        {
            "start": "65100000",
            "fill": "gpos50",
            "end": "67700000"
        },
        {
            "start": "67700000",
            "fill": "gneg",
            "end": "71500000"
        },
        {
            "start": "71500000",
            "fill": "gpos75",
            "end": "75700000"
        },
        {
            "start": "75700000",
            "fill": "gneg",
            "end": "80300000"
        },
        {
            "start": "80300000",
            "fill": "gpos100",
            "end": "86700000"
        },
        {
            "start": "86700000",
            "fill": "gneg",
            "end": "89000000"
        },
        {
            "start": "89000000",
            "fill": "gpos100",
            "end": "92600000"
        },
        {
            "start": "92600000",
            "fill": "gneg",
            "end": "96200000"
        },
        {
            "start": "96200000",
            "fill": "gpos75",
            "end": "101600000"
        },
        {
            "start": "101600000",
            "fill": "gneg",
            "end": "103800000"
        },
        {
            "start": "103800000",
            "fill": "gpos50",
            "end": "109000000"
        },
        {
            "start": "109000000",
            "fill": "gneg",
            "end": "111700000"
        },
        {
            "start": "111700000",
            "fill": "gpos25",
            "end": "112300000"
        },
        {
            "start": "112300000",
            "fill": "gneg",
            "end": "114300000"
        },
        {
            "start": "114300000",
            "fill": "gpos50",
            "end": "116800000"
        },
        {
            "start": "116800000",
            "fill": "gneg",
            "end": "118100000"
        },
        {
            "start": "118100000",
            "fill": "gpos50",
            "end": "120700000"
        },
        {
            "start": "120700000",
            "fill": "gneg",
            "end": "125900000"
        },
        {
            "start": "125900000",
            "fill": "gpos50",
            "end": "129300000"
        },
        {
            "start": "129300000",
            "fill": "gneg",
            "end": "133851895"
        }
    ],
    "11": [
        {
            "start": "0",
            "fill": "gneg",
            "end": "2800000"
        },
        {
            "start": "2800000",
            "fill": "gpos50",
            "end": "10700000"
        },
        {
            "start": "10700000",
            "fill": "gneg",
            "end": "12700000"
        },
        {
            "start": "12700000",
            "fill": "gpos50",
            "end": "16200000"
        },
        {
            "start": "16200000",
            "fill": "gneg",
            "end": "21700000"
        },
        {
            "start": "21700000",
            "fill": "gpos100",
            "end": "26100000"
        },
        {
            "start": "26100000",
            "fill": "gneg",
            "end": "27200000"
        },
        {
            "start": "27200000",
            "fill": "gpos75",
            "end": "31000000"
        },
        {
            "start": "31000000",
            "fill": "gneg",
            "end": "36400000"
        },
        {
            "start": "36400000",
            "fill": "gpos100",
            "end": "43500000"
        },
        {
            "start": "43500000",
            "fill": "gneg",
            "end": "48800000"
        },
        {
            "start": "48800000",
            "fill": "gpos75",
            "end": "51600000"
        },
        {
            "start": "55700000",
            "fill": "gpos75",
            "end": "59900000"
        },
        {
            "start": "59900000",
            "fill": "gneg",
            "end": "61700000"
        },
        {
            "start": "61700000",
            "fill": "gpos25",
            "end": "63400000"
        },
        {
            "start": "63400000",
            "fill": "gneg",
            "end": "65900000"
        },
        {
            "start": "65900000",
            "fill": "gpos25",
            "end": "68400000"
        },
        {
            "start": "68400000",
            "fill": "gneg",
            "end": "70400000"
        },
        {
            "start": "70400000",
            "fill": "gpos50",
            "end": "75200000"
        },
        {
            "start": "75200000",
            "fill": "gneg",
            "end": "77100000"
        },
        {
            "start": "77100000",
            "fill": "gpos100",
            "end": "85600000"
        },
        {
            "start": "85600000",
            "fill": "gneg",
            "end": "88300000"
        },
        {
            "start": "88300000",
            "fill": "gpos100",
            "end": "92800000"
        },
        {
            "start": "92800000",
            "fill": "gneg",
            "end": "97200000"
        },
        {
            "start": "97200000",
            "fill": "gpos100",
            "end": "102100000"
        },
        {
            "start": "102100000",
            "fill": "gneg",
            "end": "102900000"
        },
        {
            "start": "102900000",
            "fill": "gpos100",
            "end": "110400000"
        },
        {
            "start": "110400000",
            "fill": "gneg",
            "end": "112500000"
        },
        {
            "start": "112500000",
            "fill": "gpos50",
            "end": "114500000"
        },
        {
            "start": "114500000",
            "fill": "gneg",
            "end": "121200000"
        },
        {
            "start": "121200000",
            "fill": "gpos50",
            "end": "123900000"
        },
        {
            "start": "123900000",
            "fill": "gneg",
            "end": "127800000"
        },
        {
            "start": "127800000",
            "fill": "gpos50",
            "end": "130800000"
        },
        {
            "start": "130800000",
            "fill": "gneg",
            "end": "135006516"
        }
    ],
    "10": [
        {
            "start": "0",
            "fill": "gneg",
            "end": "3000000"
        },
        {
            "start": "3000000",
            "fill": "gpos25",
            "end": "3800000"
        },
        {
            "start": "3800000",
            "fill": "gneg",
            "end": "6600000"
        },
        {
            "start": "6600000",
            "fill": "gpos75",
            "end": "12200000"
        },
        {
            "start": "12200000",
            "fill": "gneg",
            "end": "17300000"
        },
        {
            "start": "17300000",
            "fill": "gpos75",
            "end": "18600000"
        },
        {
            "start": "18600000",
            "fill": "gneg",
            "end": "18700000"
        },
        {
            "start": "18700000",
            "fill": "gpos75",
            "end": "22600000"
        },
        {
            "start": "22600000",
            "fill": "gneg",
            "end": "24600000"
        },
        {
            "start": "24600000",
            "fill": "gpos50",
            "end": "29600000"
        },
        {
            "start": "29600000",
            "fill": "gneg",
            "end": "31300000"
        },
        {
            "start": "31300000",
            "fill": "gpos25",
            "end": "34400000"
        },
        {
            "start": "34400000",
            "fill": "gneg",
            "end": "38000000"
        },
        {
            "start": "42300000",
            "fill": "gneg",
            "end": "46100000"
        },
        {
            "start": "46100000",
            "fill": "gpos25",
            "end": "49900000"
        },
        {
            "start": "49900000",
            "fill": "gneg",
            "end": "52900000"
        },
        {
            "start": "52900000",
            "fill": "gpos100",
            "end": "61200000"
        },
        {
            "start": "61200000",
            "fill": "gneg",
            "end": "64500000"
        },
        {
            "start": "64500000",
            "fill": "gpos100",
            "end": "70600000"
        },
        {
            "start": "70600000",
            "fill": "gneg",
            "end": "74900000"
        },
        {
            "start": "74900000",
            "fill": "gpos50",
            "end": "77700000"
        },
        {
            "start": "77700000",
            "fill": "gneg",
            "end": "82000000"
        },
        {
            "start": "82000000",
            "fill": "gpos100",
            "end": "87900000"
        },
        {
            "start": "87900000",
            "fill": "gneg",
            "end": "89500000"
        },
        {
            "start": "89500000",
            "fill": "gpos75",
            "end": "92900000"
        },
        {
            "start": "92900000",
            "fill": "gneg",
            "end": "94100000"
        },
        {
            "start": "94100000",
            "fill": "gpos50",
            "end": "97000000"
        },
        {
            "start": "97000000",
            "fill": "gneg",
            "end": "99300000"
        },
        {
            "start": "99300000",
            "fill": "gpos50",
            "end": "101900000"
        },
        {
            "start": "101900000",
            "fill": "gneg",
            "end": "103000000"
        },
        {
            "start": "103000000",
            "fill": "gpos25",
            "end": "104900000"
        },
        {
            "start": "104900000",
            "fill": "gneg",
            "end": "105800000"
        },
        {
            "start": "105800000",
            "fill": "gpos100",
            "end": "111900000"
        },
        {
            "start": "111900000",
            "fill": "gneg",
            "end": "114900000"
        },
        {
            "start": "114900000",
            "fill": "gpos75",
            "end": "119100000"
        },
        {
            "start": "119100000",
            "fill": "gneg",
            "end": "121700000"
        },
        {
            "start": "121700000",
            "fill": "gpos50",
            "end": "123100000"
        },
        {
            "start": "123100000",
            "fill": "gneg",
            "end": "127500000"
        },
        {
            "start": "127500000",
            "fill": "gpos50",
            "end": "130600000"
        },
        {
            "start": "130600000",
            "fill": "gneg",
            "end": "135534747"
        }
    ],
    "17": [
        {
            "start": "0",
            "fill": "gneg",
            "end": "3300000"
        },
        {
            "start": "3300000",
            "fill": "gpos50",
            "end": "6500000"
        },
        {
            "start": "6500000",
            "fill": "gneg",
            "end": "10700000"
        },
        {
            "start": "10700000",
            "fill": "gpos75",
            "end": "16000000"
        },
        {
            "start": "16000000",
            "fill": "gneg",
            "end": "22200000"
        },
        {
            "start": "25800000",
            "fill": "gneg",
            "end": "31800000"
        },
        {
            "start": "31800000",
            "fill": "gpos50",
            "end": "38100000"
        },
        {
            "start": "38100000",
            "fill": "gneg",
            "end": "38400000"
        },
        {
            "start": "38400000",
            "fill": "gpos25",
            "end": "40900000"
        },
        {
            "start": "40900000",
            "fill": "gneg",
            "end": "44900000"
        },
        {
            "start": "44900000",
            "fill": "gpos25",
            "end": "47400000"
        },
        {
            "start": "47400000",
            "fill": "gneg",
            "end": "50200000"
        },
        {
            "start": "50200000",
            "fill": "gpos75",
            "end": "57600000"
        },
        {
            "start": "57600000",
            "fill": "gneg",
            "end": "58300000"
        },
        {
            "start": "58300000",
            "fill": "gpos75",
            "end": "61100000"
        },
        {
            "start": "61100000",
            "fill": "gneg",
            "end": "62600000"
        },
        {
            "start": "62600000",
            "fill": "gpos50",
            "end": "64200000"
        },
        {
            "start": "64200000",
            "fill": "gneg",
            "end": "67100000"
        },
        {
            "start": "67100000",
            "fill": "gpos75",
            "end": "70900000"
        },
        {
            "start": "70900000",
            "fill": "gneg",
            "end": "74800000"
        },
        {
            "start": "74800000",
            "fill": "gpos25",
            "end": "75300000"
        },
        {
            "start": "75300000",
            "fill": "gneg",
            "end": "81195210"
        }
    ],
    "16": [
        {
            "start": "0",
            "fill": "gneg",
            "end": "7900000"
        },
        {
            "start": "7900000",
            "fill": "gpos50",
            "end": "10500000"
        },
        {
            "start": "10500000",
            "fill": "gneg",
            "end": "12600000"
        },
        {
            "start": "12600000",
            "fill": "gpos50",
            "end": "14800000"
        },
        {
            "start": "14800000",
            "fill": "gneg",
            "end": "16800000"
        },
        {
            "start": "16800000",
            "fill": "gpos50",
            "end": "21200000"
        },
        {
            "start": "21200000",
            "fill": "gneg",
            "end": "24200000"
        },
        {
            "start": "24200000",
            "fill": "gpos50",
            "end": "28100000"
        },
        {
            "start": "28100000",
            "fill": "gneg",
            "end": "34600000"
        },
        {
            "start": "38600000",
            "fill": "gvar",
            "end": "47000000"
        },
        {
            "start": "47000000",
            "fill": "gneg",
            "end": "52600000"
        },
        {
            "start": "52600000",
            "fill": "gpos50",
            "end": "56700000"
        },
        {
            "start": "56700000",
            "fill": "gneg",
            "end": "57400000"
        },
        {
            "start": "57400000",
            "fill": "gpos100",
            "end": "66700000"
        },
        {
            "start": "66700000",
            "fill": "gneg",
            "end": "70800000"
        },
        {
            "start": "70800000",
            "fill": "gpos50",
            "end": "72900000"
        },
        {
            "start": "72900000",
            "fill": "gneg",
            "end": "74100000"
        },
        {
            "start": "74100000",
            "fill": "gpos75",
            "end": "79200000"
        },
        {
            "start": "79200000",
            "fill": "gneg",
            "end": "81700000"
        },
        {
            "start": "81700000",
            "fill": "gpos50",
            "end": "84200000"
        },
        {
            "start": "84200000",
            "fill": "gneg",
            "end": "87100000"
        },
        {
            "start": "87100000",
            "fill": "gpos25",
            "end": "88700000"
        },
        {
            "start": "88700000",
            "fill": "gneg",
            "end": "90354753"
        }
    ],
    "15": [
        {
            "start": "0",
            "fill": "gvar",
            "end": "3900000"
        },
        {
            "start": "3900000",
            "fill": "stalk",
            "end": "8700000"
        },
        {
            "start": "8700000",
            "fill": "gvar",
            "end": "15800000"
        },
        {
            "start": "20700000",
            "fill": "gneg",
            "end": "25700000"
        },
        {
            "start": "25700000",
            "fill": "gpos50",
            "end": "28100000"
        },
        {
            "start": "28100000",
            "fill": "gneg",
            "end": "30300000"
        },
        {
            "start": "30300000",
            "fill": "gpos50",
            "end": "31200000"
        },
        {
            "start": "31200000",
            "fill": "gneg",
            "end": "33600000"
        },
        {
            "start": "33600000",
            "fill": "gpos75",
            "end": "40100000"
        },
        {
            "start": "40100000",
            "fill": "gneg",
            "end": "42800000"
        },
        {
            "start": "42800000",
            "fill": "gpos25",
            "end": "43600000"
        },
        {
            "start": "43600000",
            "fill": "gneg",
            "end": "44800000"
        },
        {
            "start": "44800000",
            "fill": "gpos75",
            "end": "49500000"
        },
        {
            "start": "49500000",
            "fill": "gneg",
            "end": "52900000"
        },
        {
            "start": "52900000",
            "fill": "gpos75",
            "end": "59100000"
        },
        {
            "start": "59100000",
            "fill": "gneg",
            "end": "59300000"
        },
        {
            "start": "59300000",
            "fill": "gpos25",
            "end": "63700000"
        },
        {
            "start": "63700000",
            "fill": "gneg",
            "end": "67200000"
        },
        {
            "start": "67200000",
            "fill": "gpos25",
            "end": "67300000"
        },
        {
            "start": "67300000",
            "fill": "gneg",
            "end": "67500000"
        },
        {
            "start": "67500000",
            "fill": "gpos25",
            "end": "72700000"
        },
        {
            "start": "72700000",
            "fill": "gneg",
            "end": "75200000"
        },
        {
            "start": "75200000",
            "fill": "gpos25",
            "end": "76600000"
        },
        {
            "start": "76600000",
            "fill": "gneg",
            "end": "78300000"
        },
        {
            "start": "78300000",
            "fill": "gpos50",
            "end": "81700000"
        },
        {
            "start": "81700000",
            "fill": "gneg",
            "end": "85200000"
        },
        {
            "start": "85200000",
            "fill": "gpos50",
            "end": "89100000"
        },
        {
            "start": "89100000",
            "fill": "gneg",
            "end": "94300000"
        },
        {
            "start": "94300000",
            "fill": "gpos50",
            "end": "98500000"
        },
        {
            "start": "98500000",
            "fill": "gneg",
            "end": "102531392"
        }
    ],
    "14": [
        {
            "start": "0",
            "fill": "gvar",
            "end": "3700000"
        },
        {
            "start": "3700000",
            "fill": "stalk",
            "end": "8100000"
        },
        {
            "start": "8100000",
            "fill": "gvar",
            "end": "16100000"
        },
        {
            "start": "19100000",
            "fill": "gneg",
            "end": "24600000"
        },
        {
            "start": "24600000",
            "fill": "gpos100",
            "end": "33300000"
        },
        {
            "start": "33300000",
            "fill": "gneg",
            "end": "35300000"
        },
        {
            "start": "35300000",
            "fill": "gpos50",
            "end": "36600000"
        },
        {
            "start": "36600000",
            "fill": "gneg",
            "end": "37800000"
        },
        {
            "start": "37800000",
            "fill": "gpos100",
            "end": "43500000"
        },
        {
            "start": "43500000",
            "fill": "gneg",
            "end": "47200000"
        },
        {
            "start": "47200000",
            "fill": "gpos100",
            "end": "50900000"
        },
        {
            "start": "50900000",
            "fill": "gneg",
            "end": "54100000"
        },
        {
            "start": "54100000",
            "fill": "gpos25",
            "end": "55500000"
        },
        {
            "start": "55500000",
            "fill": "gneg",
            "end": "58100000"
        },
        {
            "start": "58100000",
            "fill": "gpos75",
            "end": "62100000"
        },
        {
            "start": "62100000",
            "fill": "gneg",
            "end": "64800000"
        },
        {
            "start": "64800000",
            "fill": "gpos50",
            "end": "67900000"
        },
        {
            "start": "67900000",
            "fill": "gneg",
            "end": "70200000"
        },
        {
            "start": "70200000",
            "fill": "gpos50",
            "end": "73800000"
        },
        {
            "start": "73800000",
            "fill": "gneg",
            "end": "79300000"
        },
        {
            "start": "79300000",
            "fill": "gpos100",
            "end": "83600000"
        },
        {
            "start": "83600000",
            "fill": "gneg",
            "end": "84900000"
        },
        {
            "start": "84900000",
            "fill": "gpos100",
            "end": "89800000"
        },
        {
            "start": "89800000",
            "fill": "gneg",
            "end": "91900000"
        },
        {
            "start": "91900000",
            "fill": "gpos25",
            "end": "94700000"
        },
        {
            "start": "94700000",
            "fill": "gneg",
            "end": "96300000"
        },
        {
            "start": "96300000",
            "fill": "gpos50",
            "end": "101400000"
        },
        {
            "start": "101400000",
            "fill": "gneg",
            "end": "103200000"
        },
        {
            "start": "103200000",
            "fill": "gpos50",
            "end": "104000000"
        },
        {
            "start": "104000000",
            "fill": "gneg",
            "end": "107349540"
        }
    ],
    "19": [
        {
            "start": "0",
            "fill": "gneg",
            "end": "6900000"
        },
        {
            "start": "6900000",
            "fill": "gpos25",
            "end": "13900000"
        },
        {
            "start": "13900000",
            "fill": "gneg",
            "end": "14000000"
        },
        {
            "start": "14000000",
            "fill": "gpos25",
            "end": "16300000"
        },
        {
            "start": "16300000",
            "fill": "gneg",
            "end": "20000000"
        },
        {
            "start": "20000000",
            "fill": "gvar",
            "end": "24400000"
        },
        {
            "start": "28600000",
            "fill": "gvar",
            "end": "32400000"
        },
        {
            "start": "32400000",
            "fill": "gneg",
            "end": "35500000"
        },
        {
            "start": "35500000",
            "fill": "gpos25",
            "end": "38300000"
        },
        {
            "start": "38300000",
            "fill": "gneg",
            "end": "38700000"
        },
        {
            "start": "38700000",
            "fill": "gpos25",
            "end": "43400000"
        },
        {
            "start": "43400000",
            "fill": "gneg",
            "end": "45200000"
        },
        {
            "start": "45200000",
            "fill": "gpos25",
            "end": "48000000"
        },
        {
            "start": "48000000",
            "fill": "gneg",
            "end": "51400000"
        },
        {
            "start": "51400000",
            "fill": "gpos25",
            "end": "53600000"
        },
        {
            "start": "53600000",
            "fill": "gneg",
            "end": "56300000"
        },
        {
            "start": "56300000",
            "fill": "gpos25",
            "end": "59128983"
        }
    ],
    "18": [
        {
            "start": "0",
            "fill": "gneg",
            "end": "2900000"
        },
        {
            "start": "2900000",
            "fill": "gpos50",
            "end": "7100000"
        },
        {
            "start": "7100000",
            "fill": "gneg",
            "end": "8500000"
        },
        {
            "start": "8500000",
            "fill": "gpos25",
            "end": "10900000"
        },
        {
            "start": "10900000",
            "fill": "gneg",
            "end": "15400000"
        },
        {
            "start": "19000000",
            "fill": "gneg",
            "end": "25000000"
        },
        {
            "start": "25000000",
            "fill": "gpos100",
            "end": "32700000"
        },
        {
            "start": "32700000",
            "fill": "gneg",
            "end": "37200000"
        },
        {
            "start": "37200000",
            "fill": "gpos75",
            "end": "43500000"
        },
        {
            "start": "43500000",
            "fill": "gneg",
            "end": "48200000"
        },
        {
            "start": "48200000",
            "fill": "gpos75",
            "end": "53800000"
        },
        {
            "start": "53800000",
            "fill": "gneg",
            "end": "56200000"
        },
        {
            "start": "56200000",
            "fill": "gpos50",
            "end": "59000000"
        },
        {
            "start": "59000000",
            "fill": "gneg",
            "end": "61600000"
        },
        {
            "start": "61600000",
            "fill": "gpos100",
            "end": "66800000"
        },
        {
            "start": "66800000",
            "fill": "gneg",
            "end": "68700000"
        },
        {
            "start": "68700000",
            "fill": "gpos25",
            "end": "73100000"
        },
        {
            "start": "73100000",
            "fill": "gneg",
            "end": "78077248"
        }
    ],
    "24": [
        {
            "start": "0",
            "fill": "gneg",
            "end": "2500000"
        },
        {
            "start": "2500000",
            "fill": "gpos50",
            "end": "3000000"
        },
        {
            "start": "3000000",
            "fill": "gneg",
            "end": "11600000"
        },
        {
            "start": "13400000",
            "fill": "gneg",
            "end": "15100000"
        },
        {
            "start": "15100000",
            "fill": "gpos50",
            "end": "19800000"
        },
        {
            "start": "19800000",
            "fill": "gneg",
            "end": "22100000"
        },
        {
            "start": "22100000",
            "fill": "gpos50",
            "end": "26200000"
        },
        {
            "start": "26200000",
            "fill": "gneg",
            "end": "28800000"
        },
        {
            "start": "28800000",
            "fill": "gvar",
            "end": "59373566"
        }
    ],
    "22": [
        {
            "start": "0",
            "fill": "gvar",
            "end": "3800000"
        },
        {
            "start": "3800000",
            "fill": "stalk",
            "end": "8300000"
        },
        {
            "start": "8300000",
            "fill": "gvar",
            "end": "12200000"
        },
        {
            "start": "17900000",
            "fill": "gneg",
            "end": "22200000"
        },
        {
            "start": "22200000",
            "fill": "gpos25",
            "end": "23500000"
        },
        {
            "start": "23500000",
            "fill": "gneg",
            "end": "25900000"
        },
        {
            "start": "25900000",
            "fill": "gpos50",
            "end": "29600000"
        },
        {
            "start": "29600000",
            "fill": "gneg",
            "end": "32200000"
        },
        {
            "start": "32200000",
            "fill": "gpos50",
            "end": "37600000"
        },
        {
            "start": "37600000",
            "fill": "gneg",
            "end": "41000000"
        },
        {
            "start": "41000000",
            "fill": "gpos50",
            "end": "44200000"
        },
        {
            "start": "44200000",
            "fill": "gneg",
            "end": "48400000"
        },
        {
            "start": "48400000",
            "fill": "gpos50",
            "end": "49400000"
        },
        {
            "start": "49400000",
            "fill": "gneg",
            "end": "51304566"
        }
    ],
    "23": [
        {
            "start": "0",
            "fill": "gneg",
            "end": "4300000"
        },
        {
            "start": "4300000",
            "fill": "gpos50",
            "end": "6000000"
        },
        {
            "start": "6000000",
            "fill": "gneg",
            "end": "9500000"
        },
        {
            "start": "9500000",
            "fill": "gpos50",
            "end": "17100000"
        },
        {
            "start": "17100000",
            "fill": "gneg",
            "end": "19300000"
        },
        {
            "start": "19300000",
            "fill": "gpos50",
            "end": "21900000"
        },
        {
            "start": "21900000",
            "fill": "gneg",
            "end": "24900000"
        },
        {
            "start": "24900000",
            "fill": "gpos100",
            "end": "29300000"
        },
        {
            "start": "29300000",
            "fill": "gneg",
            "end": "31500000"
        },
        {
            "start": "31500000",
            "fill": "gpos100",
            "end": "37600000"
        },
        {
            "start": "37600000",
            "fill": "gneg",
            "end": "42400000"
        },
        {
            "start": "42400000",
            "fill": "gpos75",
            "end": "46400000"
        },
        {
            "start": "46400000",
            "fill": "gneg",
            "end": "49800000"
        },
        {
            "start": "49800000",
            "fill": "gpos25",
            "end": "54800000"
        },
        {
            "start": "54800000",
            "fill": "gneg",
            "end": "58100000"
        },
        {
            "start": "63000000",
            "fill": "gneg",
            "end": "64600000"
        },
        {
            "start": "64600000",
            "fill": "gpos50",
            "end": "67800000"
        },
        {
            "start": "67800000",
            "fill": "gneg",
            "end": "71800000"
        },
        {
            "start": "71800000",
            "fill": "gpos50",
            "end": "73900000"
        },
        {
            "start": "73900000",
            "fill": "gneg",
            "end": "76000000"
        },
        {
            "start": "76000000",
            "fill": "gpos100",
            "end": "84600000"
        },
        {
            "start": "84600000",
            "fill": "gneg",
            "end": "86200000"
        },
        {
            "start": "86200000",
            "fill": "gpos100",
            "end": "91800000"
        },
        {
            "start": "91800000",
            "fill": "gneg",
            "end": "93500000"
        },
        {
            "start": "93500000",
            "fill": "gpos75",
            "end": "98300000"
        },
        {
            "start": "98300000",
            "fill": "gneg",
            "end": "102600000"
        },
        {
            "start": "102600000",
            "fill": "gpos50",
            "end": "103700000"
        },
        {
            "start": "103700000",
            "fill": "gneg",
            "end": "108700000"
        },
        {
            "start": "108700000",
            "fill": "gpos75",
            "end": "116500000"
        },
        {
            "start": "116500000",
            "fill": "gneg",
            "end": "120900000"
        },
        {
            "start": "120900000",
            "fill": "gpos100",
            "end": "128700000"
        },
        {
            "start": "128700000",
            "fill": "gneg",
            "end": "130400000"
        },
        {
            "start": "130400000",
            "fill": "gpos25",
            "end": "133600000"
        },
        {
            "start": "133600000",
            "fill": "gneg",
            "end": "138000000"
        },
        {
            "start": "138000000",
            "fill": "gpos75",
            "end": "140300000"
        },
        {
            "start": "140300000",
            "fill": "gneg",
            "end": "142100000"
        },
        {
            "start": "142100000",
            "fill": "gpos100",
            "end": "147100000"
        },
        {
            "start": "147100000",
            "fill": "gneg",
            "end": "155270560"
        }
    ],
    "20": [
        {
            "start": "0",
            "fill": "gneg",
            "end": "5100000"
        },
        {
            "start": "5100000",
            "fill": "gpos75",
            "end": "9200000"
        },
        {
            "start": "9200000",
            "fill": "gneg",
            "end": "12100000"
        },
        {
            "start": "12100000",
            "fill": "gpos75",
            "end": "17900000"
        },
        {
            "start": "17900000",
            "fill": "gneg",
            "end": "21300000"
        },
        {
            "start": "21300000",
            "fill": "gpos25",
            "end": "22300000"
        },
        {
            "start": "22300000",
            "fill": "gneg",
            "end": "25600000"
        },
        {
            "start": "29400000",
            "fill": "gneg",
            "end": "32100000"
        },
        {
            "start": "32100000",
            "fill": "gpos25",
            "end": "34400000"
        },
        {
            "start": "34400000",
            "fill": "gneg",
            "end": "37600000"
        },
        {
            "start": "37600000",
            "fill": "gpos75",
            "end": "41700000"
        },
        {
            "start": "41700000",
            "fill": "gneg",
            "end": "42100000"
        },
        {
            "start": "42100000",
            "fill": "gpos25",
            "end": "46400000"
        },
        {
            "start": "46400000",
            "fill": "gneg",
            "end": "49800000"
        },
        {
            "start": "49800000",
            "fill": "gpos75",
            "end": "55000000"
        },
        {
            "start": "55000000",
            "fill": "gneg",
            "end": "56500000"
        },
        {
            "start": "56500000",
            "fill": "gpos50",
            "end": "58400000"
        },
        {
            "start": "58400000",
            "fill": "gneg",
            "end": "63025520"
        }
    ],
    "21": [
        {
            "start": "0",
            "fill": "gvar",
            "end": "2800000"
        },
        {
            "start": "2800000",
            "fill": "stalk",
            "end": "6800000"
        },
        {
            "start": "6800000",
            "fill": "gvar",
            "end": "10900000"
        },
        {
            "start": "14300000",
            "fill": "gneg",
            "end": "16400000"
        },
        {
            "start": "16400000",
            "fill": "gpos100",
            "end": "24000000"
        },
        {
            "start": "24000000",
            "fill": "gneg",
            "end": "26800000"
        },
        {
            "start": "26800000",
            "fill": "gpos75",
            "end": "31500000"
        },
        {
            "start": "31500000",
            "fill": "gneg",
            "end": "35800000"
        },
        {
            "start": "35800000",
            "fill": "gpos50",
            "end": "37800000"
        },
        {
            "start": "37800000",
            "fill": "gneg",
            "end": "39700000"
        },
        {
            "start": "39700000",
            "fill": "gpos50",
            "end": "42600000"
        },
        {
            "start": "42600000",
            "fill": "gneg",
            "end": "48129895"
        }
    ]
},
    "centers": {
    "9": [
        {
            "start": "47300000",
            "fill": "acen1",
            "end": "49000000"
        },
        {
            "start": "49000000",
            "fill": "acen2",
            "end": "50700000"
        }
    ],
    "8": [
        {
            "start": "43100000",
            "fill": "acen1",
            "end": "45600000"
        },
        {
            "start": "45600000",
            "fill": "acen2",
            "end": "48100000"
        }
    ],
    "3": [
        {
            "start": "87900000",
            "fill": "acen1",
            "end": "91000000"
        },
        {
            "start": "91000000",
            "fill": "acen2",
            "end": "93900000"
        }
    ],
    "2": [
        {
            "start": "90500000",
            "fill": "acen1",
            "end": "93300000"
        },
        {
            "start": "93300000",
            "fill": "acen2",
            "end": "96800000"
        }
    ],
    "1": [
        {
            "start": "121500000",
            "fill": "acen1",
            "end": "125000000"
        },
        {
            "start": "125000000",
            "fill": "acen2",
            "end": "128900000"
        }
    ],
    "7": [
        {
            "start": "58000000",
            "fill": "acen1",
            "end": "59900000"
        },
        {
            "start": "59900000",
            "fill": "acen2",
            "end": "61700000"
        }
    ],
    "6": [
        {
            "start": "58700000",
            "fill": "acen1",
            "end": "61000000"
        },
        {
            "start": "61000000",
            "fill": "acen2",
            "end": "63300000"
        }
    ],
    "5": [
        {
            "start": "46100000",
            "fill": "acen1",
            "end": "48400000"
        },
        {
            "start": "48400000",
            "fill": "acen2",
            "end": "50700000"
        }
    ],
    "4": [
        {
            "start": "48200000",
            "fill": "acen1",
            "end": "50400000"
        },
        {
            "start": "50400000",
            "fill": "acen2",
            "end": "52700000"
        }
    ],
    "13": [
        {
            "start": "16300000",
            "fill": "acen1",
            "end": "17900000"
        },
        {
            "start": "17900000",
            "fill": "acen2",
            "end": "19500000"
        }
    ],
    "12": [
        {
            "start": "33300000",
            "fill": "acen1",
            "end": "35800000"
        },
        {
            "start": "35800000",
            "fill": "acen2",
            "end": "38200000"
        }
    ],
    "11": [
        {
            "start": "51600000",
            "fill": "acen1",
            "end": "53700000"
        },
        {
            "start": "53700000",
            "fill": "acen2",
            "end": "55700000"
        }
    ],
    "10": [
        {
            "start": "38000000",
            "fill": "acen1",
            "end": "40200000"
        },
        {
            "start": "40200000",
            "fill": "acen2",
            "end": "42300000"
        }
    ],
    "17": [
        {
            "start": "22200000",
            "fill": "acen1",
            "end": "24000000"
        },
        {
            "start": "24000000",
            "fill": "acen2",
            "end": "25800000"
        }
    ],
    "16": [
        {
            "start": "34600000",
            "fill": "acen1",
            "end": "36600000"
        },
        {
            "start": "36600000",
            "fill": "acen2",
            "end": "38600000"
        }
    ],
    "15": [
        {
            "start": "15800000",
            "fill": "acen1",
            "end": "19000000"
        },
        {
            "start": "19000000",
            "fill": "acen2",
            "end": "20700000"
        }
    ],
    "14": [
        {
            "start": "16100000",
            "fill": "acen1",
            "end": "17600000"
        },
        {
            "start": "17600000",
            "fill": "acen2",
            "end": "19100000"
        }
    ],
    "19": [
        {
            "start": "24400000",
            "fill": "acen1",
            "end": "26500000"
        },
        {
            "start": "26500000",
            "fill": "acen2",
            "end": "28600000"
        }
    ],
    "18": [
        {
            "start": "15400000",
            "fill": "acen1",
            "end": "17200000"
        },
        {
            "start": "17200000",
            "fill": "acen2",
            "end": "19000000"
        }
    ],
    "24": [
        {
            "start": "11600000",
            "fill": "acen1",
            "end": "12500000"
        },
        {
            "start": "12500000",
            "fill": "acen2",
            "end": "13400000"
        }
    ],
    "22": [
        {
            "start": "12200000",
            "fill": "acen1",
            "end": "14700000"
        },
        {
            "start": "14700000",
            "fill": "acen2",
            "end": "17900000"
        }
    ],
    "23": [
        {
            "start": "58100000",
            "fill": "acen1",
            "end": "60600000"
        },
        {
            "start": "60600000",
            "fill": "acen2",
            "end": "63000000"
        }
    ],
    "20": [
        {
            "start": "25600000",
            "fill": "acen1",
            "end": "27500000"
        },
        {
            "start": "27500000",
            "fill": "acen2",
            "end": "29400000"
        }
    ],
    "21": [
        {
            "start": "10900000",
            "fill": "acen1",
            "end": "13200000"
        },
        {
            "start": "13200000",
            "fill": "acen2",
            "end": "14300000"
        }
    ]
}}