{"cytobands": {
	"1": [
		{
			"start": "0",
			"fill": "gneg",
			"end": "158337067"
		}
	],
	"2": [
		{
			"start": "0",
			"fill": "gneg",
			"end": "137060424"
		}
	],
	"3": [
		{
			"start": "0",
			"fill": "gneg",
			"end": "121430405"
		}
	],
	"4": [
		{
			"start": "0",
			"fill": "gneg",
			"end": "120829699"
		}
	],
	"5": [
		{
			"start": "0",
			"fill": "gneg",
			"end": "121191424"
		}
	],
	"6": [
		{
			"start": "0",
			"fill": "gneg",
			"end": "119458736"
		}
	],
	"7": [
		{
			"start": "0",
			"fill": "gneg",
			"end": "112638659"
		}
	],
	"8": [
		{
			"start": "0",
			"fill": "gneg",
			"end": "113384836"
		}
	],
	"9": [
		{
			"start": "0",
			"fill": "gneg",
			"end": "105708250"
		}
	],
	"M": [
		{
			"start": "0",
			"fill": "gneg",
			"end": "16338"
		}
	],
	"X": [
		{
			"start": "0",
			"fill": "gneg",
			"end": "148823899"
		}
	],
	"10": [
		{
			"start": "0",
			"fill": "gneg",
			"end": "104305016"
		}
	],
	"11": [
		{
			"start": "0",
			"fill": "gneg",
			"end": "107310763"
		}
	],
	"12": [
		{
			"start": "0",
			"fill": "gneg",
			"end": "91163125"
		}
	],
	"13": [
		{
			"start": "0",
			"fill": "gneg",
			"end": "84240350"
		}
	],
	"14": [
		{
			"start": "0",
			"fill": "gneg",
			"end": "84648390"
		}
	],
	"15": [
		{
			"start": "0",
			"fill": "gneg",
			"end": "85296676"
		}
	],
	"16": [
		{
			"start": "0",
			"fill": "gneg",
			"end": "81724687"
		}
	],
	"17": [
		{
			"start": "0",
			"fill": "gneg",
			"end": "75158596"
		}
	],
	"18": [
		{
			"start": "0",
			"fill": "gneg",
			"end": "66004023"
		}
	],
	"19": [
		{
			"start": "0",
			"fill": "gneg",
			"end": "64057457"
		}
	],
	"20": [
		{
			"start": "0",
			"fill": "gneg",
			"end": "72042655"
		}
	],
	"21": [
		{
			"start": "0",
			"fill": "gneg",
			"end": "71599096"
		}
	],
	"22": [
		{
			"start": "0",
			"fill": "gneg",
			"end": "61435874"
		}
	],
	"23": [
		{
			"start": "0",
			"fill": "gneg",
			"end": "52530062"
		}
	],
	"24": [
		{
			"start": "0",
			"fill": "gneg",
			"end": "62714930"
		}
	],
	"25": [
		{
			"start": "0",
			"fill": "gneg",
			"end": "42904170"
		}
	],
	"26": [
		{
			"start": "0",
			"fill": "gneg",
			"end": "51681464"
		}
	],
	"27": [
		{
			"start": "0",
			"fill": "gneg",
			"end": "45407902"
		}
	],
	"28": [
		{
			"start": "0",
			"fill": "gneg",
			"end": "46312546"
		}
	],
	"29": [
		{
			"start": "0",
			"fill": "gneg",
			"end": "51505224"
		}
	]
}
}
