{"cytobands": {
	"1": [
		{
			"start": "0",
			"fill": "gneg",
			"end": "315321322"
		}
	],
	"2": [
		{
			"start": "0",
			"fill": "gneg",
			"end": "162569375"
		}
	],
	"3": [
		{
			"start": "0",
			"fill": "gneg",
			"end": "144787322"
		}
	],
	"4": [
		{
			"start": "0",
			"fill": "gneg",
			"end": "143465943"
		}
	],
	"5": [
		{
			"start": "0",
			"fill": "gneg",
			"end": "111506441"
		}
	],
	"6": [
		{
			"start": "0",
			"fill": "gneg",
			"end": "157765593"
		}
	],
	"7": [
		{
			"start": "0",
			"fill": "gneg",
			"end": "134764511"
		}
	],
	"8": [
		{
			"start": "0",
			"fill": "gneg",
			"end": "148491826"
		}
	],
	"9": [
		{
			"start": "0",
			"fill": "gneg",
			"end": "153670197"
		}
	],
	"M": [
		{
			"start": "0",
			"fill": "gneg",
			"end": "16613"
		}
	],
	"X": [
		{
			"start": "0",
			"fill": "gneg",
			"end": "144288218"
		}
	],
	"Y": [
		{
			"start": "0",
			"fill": "gneg",
			"end": "1637716"
		}
	],
	"10": [
		{
			"start": "0",
			"fill": "gneg",
			"end": "79102373"
		}
	],
	"11": [
		{
			"start": "0",
			"fill": "gneg",
			"end": "87690581"
		}
	],
	"12": [
		{
			"start": "0",
			"fill": "gneg",
			"end": "63588571"
		}
	],
	"13": [
		{
			"start": "0",
			"fill": "gneg",
			"end": "218635234"
		}
	],
	"14": [
		{
			"start": "0",
			"fill": "gneg",
			"end": "153851969"
		}
	],
	"15": [
		{
			"start": "0",
			"fill": "gneg",
			"end": "157681621"
		}
	],
	"16": [
		{
			"start": "0",
			"fill": "gneg",
			"end": "86898991"
		}
	],
	"17": [
		{
			"start": "0",
			"fill": "gneg",
			"end": "69701581"
		}
	],
	"18": [
		{
			"start": "0",
			"fill": "gneg",
			"end": "61220071"
		}
	]
}
}
