{"cytobands": {
	"1": [
		{
			"start": "0",
			"fill": "gpos100",
			"end": "8840440"
		},
		{
			"start": "8840440",
			"fill": "gneg",
			"end": "12278390"
		},
		{
			"start": "12278390",
			"fill": "gpos33",
			"end": "20136559"
		},
		{
			"start": "20136559",
			"fill": "gneg",
			"end": "22101102"
		},
		{
			"start": "22101102",
			"fill": "gpos100",
			"end": "30941543"
		},
		{
			"start": "30941543",
			"fill": "gneg",
			"end": "43219933"
		},
		{
			"start": "43219933",
			"fill": "gpos66",
			"end": "54516052"
		},
		{
			"start": "54516052",
			"fill": "gneg",
			"end": "55989459"
		},
		{
			"start": "55989459",
			"fill": "gpos75",
			"end": "59427408"
		},
		{
			"start": "59427408",
			"fill": "gneg",
			"end": "65321035"
		},
		{
			"start": "65321035",
			"fill": "gpos33",
			"end": "74652612"
		},
		{
			"start": "74652612",
			"fill": "gneg",
			"end": "80055103"
		},
		{
			"start": "80055103",
			"fill": "gpos33",
			"end": "87422137"
		},
		{
			"start": "87422137",
			"fill": "gneg",
			"end": "99700527"
		},
		{
			"start": "99700527",
			"fill": "gpos33",
			"end": "102647341"
		},
		{
			"start": "102647341",
			"fill": "gneg",
			"end": "103629612"
		},
		{
			"start": "103629612",
			"fill": "gpos100",
			"end": "112470053"
		},
		{
			"start": "112470053",
			"fill": "gneg",
			"end": "113943460"
		},
		{
			"start": "113943460",
			"fill": "gpos100",
			"end": "125730715"
		},
		{
			"start": "125730715",
			"fill": "gneg",
			"end": "128677528"
		},
		{
			"start": "128677528",
			"fill": "gpos66",
			"end": "139482511"
		},
		{
			"start": "139482511",
			"fill": "gneg",
			"end": "147340681"
		},
		{
			"start": "147340681",
			"fill": "gpos100",
			"end": "151760902"
		},
		{
			"start": "151760902",
			"fill": "gneg",
			"end": "152743173"
		},
		{
			"start": "152743173",
			"fill": "gpos100",
			"end": "157163393"
		},
		{
			"start": "157163393",
			"fill": "gneg",
			"end": "160110207"
		},
		{
			"start": "160110207",
			"fill": "gpos33",
			"end": "164039292"
		},
		{
			"start": "164039292",
			"fill": "gneg",
			"end": "165512699"
		},
		{
			"start": "165512699",
			"fill": "gpos33",
			"end": "169932919"
		},
		{
			"start": "169932919",
			"fill": "gneg",
			"end": "175826546"
		},
		{
			"start": "175826546",
			"fill": "gpos33",
			"end": "181720174"
		},
		{
			"start": "181720174",
			"fill": "gneg",
			"end": "188104936"
		},
		{
			"start": "188104936",
			"fill": "gpos33",
			"end": "195471971"
		}
	],
	"2": [
		{
			"start": "0",
			"fill": "gpos100",
			"end": "14080919"
		},
		{
			"start": "14080919",
			"fill": "gneg",
			"end": "16427739"
		},
		{
			"start": "16427739",
			"fill": "gpos33",
			"end": "29100566"
		},
		{
			"start": "29100566",
			"fill": "gneg",
			"end": "48344489"
		},
		{
			"start": "48344489",
			"fill": "gpos100",
			"end": "60547953"
		},
		{
			"start": "60547953",
			"fill": "gneg",
			"end": "61017317"
		},
		{
			"start": "61017317",
			"fill": "gpos100",
			"end": "68527140"
		},
		{
			"start": "68527140",
			"fill": "gneg",
			"end": "71812688"
		},
		{
			"start": "71812688",
			"fill": "gpos66",
			"end": "81199968"
		},
		{
			"start": "81199968",
			"fill": "gneg",
			"end": "88709792"
		},
		{
			"start": "88709792",
			"fill": "gpos100",
			"end": "101382619"
		},
		{
			"start": "101382619",
			"fill": "gneg",
			"end": "105137531"
		},
		{
			"start": "105137531",
			"fill": "gpos33",
			"end": "113116719"
		},
		{
			"start": "113116719",
			"fill": "gneg",
			"end": "115932902"
		},
		{
			"start": "115932902",
			"fill": "gpos66",
			"end": "123912090"
		},
		{
			"start": "123912090",
			"fill": "gneg",
			"end": "131891278"
		},
		{
			"start": "131891278",
			"fill": "gpos33",
			"end": "134707462"
		},
		{
			"start": "134707462",
			"fill": "gneg",
			"end": "141278557"
		},
		{
			"start": "141278557",
			"fill": "gpos100",
			"end": "146910925"
		},
		{
			"start": "146910925",
			"fill": "gneg",
			"end": "147849653"
		},
		{
			"start": "147849653",
			"fill": "gpos100",
			"end": "152543293"
		},
		{
			"start": "152543293",
			"fill": "gneg",
			"end": "159114389"
		},
		{
			"start": "159114389",
			"fill": "gpos33",
			"end": "163338664"
		},
		{
			"start": "163338664",
			"fill": "gneg",
			"end": "173664672"
		},
		{
			"start": "173664672",
			"fill": "gpos33",
			"end": "182113224"
		}
	],
	"3": [
		{
			"start": "0",
			"fill": "gpos100",
			"end": "18541182"
		},
		{
			"start": "18541182",
			"fill": "gneg",
			"end": "20492885"
		},
		{
			"start": "20492885",
			"fill": "gpos66",
			"end": "35618587"
		},
		{
			"start": "35618587",
			"fill": "gneg",
			"end": "46840881"
		},
		{
			"start": "46840881",
			"fill": "gpos100",
			"end": "56599399"
		},
		{
			"start": "56599399",
			"fill": "gneg",
			"end": "60990731"
		},
		{
			"start": "60990731",
			"fill": "gpos33",
			"end": "69773397"
		},
		{
			"start": "69773397",
			"fill": "gneg",
			"end": "72700952"
		},
		{
			"start": "72700952",
			"fill": "gpos100",
			"end": "83923246"
		},
		{
			"start": "83923246",
			"fill": "gneg",
			"end": "93193838"
		},
		{
			"start": "93193838",
			"fill": "gpos33",
			"end": "97585170"
		},
		{
			"start": "97585170",
			"fill": "gneg",
			"end": "106367836"
		},
		{
			"start": "106367836",
			"fill": "gpos33",
			"end": "108319539"
		},
		{
			"start": "108319539",
			"fill": "gneg",
			"end": "115150501"
		},
		{
			"start": "115150501",
			"fill": "gpos100",
			"end": "126860721"
		},
		{
			"start": "126860721",
			"fill": "gneg",
			"end": "128812425"
		},
		{
			"start": "128812425",
			"fill": "gpos66",
			"end": "138570942"
		},
		{
			"start": "138570942",
			"fill": "gneg",
			"end": "143938126"
		},
		{
			"start": "143938126",
			"fill": "gpos33",
			"end": "148329459"
		},
		{
			"start": "148329459",
			"fill": "gneg",
			"end": "154184569"
		},
		{
			"start": "154184569",
			"fill": "gpos33",
			"end": "160039680"
		}
	],
	"4": [
		{
			"start": "0",
			"fill": "gpos100",
			"end": "14882673"
		},
		{
			"start": "14882673",
			"fill": "gneg",
			"end": "17763191"
		},
		{
			"start": "17763191",
			"fill": "gpos100",
			"end": "28325088"
		},
		{
			"start": "28325088",
			"fill": "gneg",
			"end": "30245433"
		},
		{
			"start": "30245433",
			"fill": "gpos66",
			"end": "43687848"
		},
		{
			"start": "43687848",
			"fill": "gneg",
			"end": "51849314"
		},
		{
			"start": "51849314",
			"fill": "gpos33",
			"end": "55209918"
		},
		{
			"start": "55209918",
			"fill": "gneg",
			"end": "63371384"
		},
		{
			"start": "63371384",
			"fill": "gpos33",
			"end": "69612505"
		},
		{
			"start": "69612505",
			"fill": "gneg",
			"end": "72012936"
		},
		{
			"start": "72012936",
			"fill": "gpos100",
			"end": "84015092"
		},
		{
			"start": "84015092",
			"fill": "gneg",
			"end": "89776127"
		},
		{
			"start": "89776127",
			"fill": "gpos66",
			"end": "97457507"
		},
		{
			"start": "97457507",
			"fill": "gneg",
			"end": "105618973"
		},
		{
			"start": "105618973",
			"fill": "gpos66",
			"end": "110899922"
		},
		{
			"start": "110899922",
			"fill": "gneg",
			"end": "117621130"
		},
		{
			"start": "117621130",
			"fill": "gpos33",
			"end": "120501647"
		},
		{
			"start": "120501647",
			"fill": "gneg",
			"end": "131063544"
		},
		{
			"start": "131063544",
			"fill": "gpos33",
			"end": "133944062"
		},
		{
			"start": "133944062",
			"fill": "gneg",
			"end": "141625442"
		},
		{
			"start": "141625442",
			"fill": "gpos100",
			"end": "147866563"
		},
		{
			"start": "147866563",
			"fill": "gneg",
			"end": "156508116"
		}
	],
	"5": [
		{
			"start": "0",
			"fill": "gpos100",
			"end": "14895174"
		},
		{
			"start": "14895174",
			"fill": "gneg",
			"end": "16336643"
		},
		{
			"start": "16336643",
			"fill": "gpos66",
			"end": "25465943"
		},
		{
			"start": "25465943",
			"fill": "gneg",
			"end": "33634265"
		},
		{
			"start": "33634265",
			"fill": "gpos33",
			"end": "35556223"
		},
		{
			"start": "35556223",
			"fill": "gneg",
			"end": "50451398"
		},
		{
			"start": "50451398",
			"fill": "gpos33",
			"end": "58619719"
		},
		{
			"start": "58619719",
			"fill": "gneg",
			"end": "61022167"
		},
		{
			"start": "61022167",
			"fill": "gpos100",
			"end": "71592936"
		},
		{
			"start": "71592936",
			"fill": "gneg",
			"end": "73514894"
		},
		{
			"start": "73514894",
			"fill": "gpos66",
			"end": "77839300"
		},
		{
			"start": "77839300",
			"fill": "gneg",
			"end": "81683216"
		},
		{
			"start": "81683216",
			"fill": "gpos100",
			"end": "91293006"
		},
		{
			"start": "91293006",
			"fill": "gneg",
			"end": "93695453"
		},
		{
			"start": "93695453",
			"fill": "gpos33",
			"end": "99461327"
		},
		{
			"start": "99461327",
			"fill": "gneg",
			"end": "101863775"
		},
		{
			"start": "101863775",
			"fill": "gpos33",
			"end": "107629649"
		},
		{
			"start": "107629649",
			"fill": "gneg",
			"end": "124927271"
		},
		{
			"start": "124927271",
			"fill": "gpos33",
			"end": "126849229"
		},
		{
			"start": "126849229",
			"fill": "gneg",
			"end": "127810208"
		},
		{
			"start": "127810208",
			"fill": "gpos33",
			"end": "130693145"
		},
		{
			"start": "130693145",
			"fill": "gneg",
			"end": "146068809"
		},
		{
			"start": "146068809",
			"fill": "gpos33",
			"end": "151834684"
		}
	],
	"6": [
		{
			"start": "0",
			"fill": "gpos100",
			"end": "16637394"
		},
		{
			"start": "16637394",
			"fill": "gneg",
			"end": "21530745"
		},
		{
			"start": "21530745",
			"fill": "gpos100",
			"end": "27402766"
		},
		{
			"start": "27402766",
			"fill": "gneg",
			"end": "28381436"
		},
		{
			"start": "28381436",
			"fill": "gpos100",
			"end": "34253458"
		},
		{
			"start": "34253458",
			"fill": "gneg",
			"end": "41593485"
		},
		{
			"start": "41593485",
			"fill": "gpos66",
			"end": "44529495"
		},
		{
			"start": "44529495",
			"fill": "gneg",
			"end": "45997501"
		},
		{
			"start": "45997501",
			"fill": "gpos66",
			"end": "50890852"
		},
		{
			"start": "50890852",
			"fill": "gneg",
			"end": "62634895"
		},
		{
			"start": "62634895",
			"fill": "gpos100",
			"end": "74378937"
		},
		{
			"start": "74378937",
			"fill": "gneg",
			"end": "76825613"
		},
		{
			"start": "76825613",
			"fill": "gpos66",
			"end": "86122980"
		},
		{
			"start": "86122980",
			"fill": "gneg",
			"end": "94441677"
		},
		{
			"start": "94441677",
			"fill": "gpos33",
			"end": "95909683"
		},
		{
			"start": "95909683",
			"fill": "gneg",
			"end": "103249709"
		},
		{
			"start": "103249709",
			"fill": "gpos100",
			"end": "108632396"
		},
		{
			"start": "108632396",
			"fill": "gneg",
			"end": "109611066"
		},
		{
			"start": "109611066",
			"fill": "gpos100",
			"end": "116951093"
		},
		{
			"start": "116951093",
			"fill": "gneg",
			"end": "122823114"
		},
		{
			"start": "122823114",
			"fill": "gpos33",
			"end": "125269790"
		},
		{
			"start": "125269790",
			"fill": "gneg",
			"end": "132120481"
		},
		{
			"start": "132120481",
			"fill": "gpos66",
			"end": "139460508"
		},
		{
			"start": "139460508",
			"fill": "gneg",
			"end": "142885854"
		},
		{
			"start": "142885854",
			"fill": "gpos33",
			"end": "149736546"
		}
	],
	"7": [
		{
			"start": "0",
			"fill": "gpos100",
			"end": "15202939"
		},
		{
			"start": "15202939",
			"fill": "gneg",
			"end": "18243527"
		},
		{
			"start": "18243527",
			"fill": "gpos33",
			"end": "28378821"
		},
		{
			"start": "28378821",
			"fill": "gneg",
			"end": "34459997"
		},
		{
			"start": "34459997",
			"fill": "gpos33",
			"end": "37500585"
		},
		{
			"start": "37500585",
			"fill": "gneg",
			"end": "47635878"
		},
		{
			"start": "47635878",
			"fill": "gpos33",
			"end": "54223819"
		},
		{
			"start": "54223819",
			"fill": "gneg",
			"end": "60811759"
		},
		{
			"start": "60811759",
			"fill": "gpos100",
			"end": "71453817"
		},
		{
			"start": "71453817",
			"fill": "gneg",
			"end": "77028229"
		},
		{
			"start": "77028229",
			"fill": "gpos66",
			"end": "80575581"
		},
		{
			"start": "80575581",
			"fill": "gneg",
			"end": "90204110"
		},
		{
			"start": "90204110",
			"fill": "gpos100",
			"end": "99832639"
		},
		{
			"start": "99832639",
			"fill": "gneg",
			"end": "102366462"
		},
		{
			"start": "102366462",
			"fill": "gpos33",
			"end": "111488226"
		},
		{
			"start": "111488226",
			"fill": "gneg",
			"end": "118582931"
		},
		{
			"start": "118582931",
			"fill": "gpos33",
			"end": "123143813"
		},
		{
			"start": "123143813",
			"fill": "gneg",
			"end": "137333224"
		},
		{
			"start": "137333224",
			"fill": "gpos33",
			"end": "140880577"
		},
		{
			"start": "140880577",
			"fill": "gneg",
			"end": "145441459"
		}
	],
	"8": [
		{
			"start": "0",
			"fill": "gpos100",
			"end": "15940729"
		},
		{
			"start": "15940729",
			"fill": "gneg",
			"end": "16878419"
		},
		{
			"start": "16878419",
			"fill": "gpos33",
			"end": "20160333"
		},
		{
			"start": "20160333",
			"fill": "gneg",
			"end": "29537233"
		},
		{
			"start": "29537233",
			"fill": "gpos33",
			"end": "33756838"
		},
		{
			"start": "33756838",
			"fill": "gneg",
			"end": "44071427"
		},
		{
			"start": "44071427",
			"fill": "gpos66",
			"end": "48291032"
		},
		{
			"start": "48291032",
			"fill": "gneg",
			"end": "50166412"
		},
		{
			"start": "50166412",
			"fill": "gpos66",
			"end": "55792551"
		},
		{
			"start": "55792551",
			"fill": "gneg",
			"end": "59543311"
		},
		{
			"start": "59543311",
			"fill": "gpos100",
			"end": "67044831"
		},
		{
			"start": "67044831",
			"fill": "gneg",
			"end": "67982521"
		},
		{
			"start": "67982521",
			"fill": "gpos100",
			"end": "74546350"
		},
		{
			"start": "74546350",
			"fill": "gneg",
			"end": "80172490"
		},
		{
			"start": "80172490",
			"fill": "gpos33",
			"end": "84860940"
		},
		{
			"start": "84860940",
			"fill": "gneg",
			"end": "90018235"
		},
		{
			"start": "90018235",
			"fill": "gpos33",
			"end": "91424770"
		},
		{
			"start": "91424770",
			"fill": "gneg",
			"end": "95644374"
		},
		{
			"start": "95644374",
			"fill": "gpos100",
			"end": "103145894"
		},
		{
			"start": "103145894",
			"fill": "gneg",
			"end": "104083584"
		},
		{
			"start": "104083584",
			"fill": "gpos33",
			"end": "110647414"
		},
		{
			"start": "110647414",
			"fill": "gneg",
			"end": "123775073"
		},
		{
			"start": "123775073",
			"fill": "gpos33",
			"end": "129401213"
		}
	],
	"9": [
		{
			"start": "0",
			"fill": "gpos100",
			"end": "14412120"
		},
		{
			"start": "14412120",
			"fill": "gneg",
			"end": "19526099"
		},
		{
			"start": "19526099",
			"fill": "gpos33",
			"end": "24175170"
		},
		{
			"start": "24175170",
			"fill": "gneg",
			"end": "38122384"
		},
		{
			"start": "38122384",
			"fill": "gpos66",
			"end": "44166177"
		},
		{
			"start": "44166177",
			"fill": "gneg",
			"end": "46490712"
		},
		{
			"start": "46490712",
			"fill": "gpos66",
			"end": "54859040"
		},
		{
			"start": "54859040",
			"fill": "gneg",
			"end": "63227369"
		},
		{
			"start": "63227369",
			"fill": "gpos33",
			"end": "69736069"
		},
		{
			"start": "69736069",
			"fill": "gneg",
			"end": "77639490"
		},
		{
			"start": "77639490",
			"fill": "gpos33",
			"end": "82753468"
		},
		{
			"start": "82753468",
			"fill": "gneg",
			"end": "84613097"
		},
		{
			"start": "84613097",
			"fill": "gpos100",
			"end": "91121796"
		},
		{
			"start": "91121796",
			"fill": "gneg",
			"end": "91586703"
		},
		{
			"start": "91586703",
			"fill": "gpos100",
			"end": "100884846"
		},
		{
			"start": "100884846",
			"fill": "gpos66",
			"end": "101814660"
		},
		{
			"start": "101814660",
			"fill": "gneg",
			"end": "108323360"
		},
		{
			"start": "108323360",
			"fill": "gpos33",
			"end": "111112803"
		},
		{
			"start": "111112803",
			"fill": "gneg",
			"end": "119946038"
		},
		{
			"start": "119946038",
			"fill": "gpos33",
			"end": "124595110"
		}
	],
	"X": [
		{
			"start": "0",
			"fill": "gpos100",
			"end": "15772338"
		},
		{
			"start": "15772338",
			"fill": "gneg",
			"end": "18236766"
		},
		{
			"start": "18236766",
			"fill": "gpos33",
			"end": "21194080"
		},
		{
			"start": "21194080",
			"fill": "gneg",
			"end": "28094478"
		},
		{
			"start": "28094478",
			"fill": "gpos66",
			"end": "33516219"
		},
		{
			"start": "33516219",
			"fill": "gneg",
			"end": "34501991"
		},
		{
			"start": "34501991",
			"fill": "gpos66",
			"end": "39923732"
		},
		{
			"start": "39923732",
			"fill": "gneg",
			"end": "47809902"
		},
		{
			"start": "47809902",
			"fill": "gpos66",
			"end": "56188957"
		},
		{
			"start": "56188957",
			"fill": "gneg",
			"end": "63089355"
		},
		{
			"start": "63089355",
			"fill": "gpos66",
			"end": "69496867"
		},
		{
			"start": "69496867",
			"fill": "gneg",
			"end": "70975524"
		},
		{
			"start": "70975524",
			"fill": "gpos66",
			"end": "77383037"
		},
		{
			"start": "77383037",
			"fill": "gneg",
			"end": "82311893"
		},
		{
			"start": "82311893",
			"fill": "gpos100",
			"end": "91183833"
		},
		{
			"start": "91183833",
			"fill": "gneg",
			"end": "92169604"
		},
		{
			"start": "92169604",
			"fill": "gpos100",
			"end": "101041545"
		},
		{
			"start": "101041545",
			"fill": "gneg",
			"end": "109913486"
		},
		{
			"start": "109913486",
			"fill": "gpos100",
			"end": "120264083"
		},
		{
			"start": "120264083",
			"fill": "gneg",
			"end": "121249854"
		},
		{
			"start": "121249854",
			"fill": "gpos100",
			"end": "135050651"
		},
		{
			"start": "135050651",
			"fill": "gneg",
			"end": "141458163"
		},
		{
			"start": "141458163",
			"fill": "gpos33",
			"end": "148851447"
		},
		{
			"start": "148851447",
			"fill": "gneg",
			"end": "156244731"
		},
		{
			"start": "156244731",
			"fill": "gpos33",
			"end": "163638015"
		},
		{
			"start": "163638015",
			"fill": "gneg",
			"end": "171031299"
		}
	],
	"Y": [
		{
			"start": "0",
			"fill": "gpos100",
			"end": "20642557"
		},
		{
			"start": "20642557",
			"fill": "gpos66",
			"end": "32684048"
		},
		{
			"start": "32684048",
			"fill": "gpos33",
			"end": "45298944"
		},
		{
			"start": "45298944",
			"fill": "gpos100",
			"end": "54473414"
		},
		{
			"start": "54473414",
			"fill": "gpos33",
			"end": "61927671"
		},
		{
			"start": "61927671",
			"fill": "gpos100",
			"end": "72248949"
		},
		{
			"start": "72248949",
			"fill": "gpos33",
			"end": "83143632"
		},
		{
			"start": "83143632",
			"fill": "gpos66",
			"end": "91744698"
		}
	],
	"10": [
		{
			"start": "0",
			"fill": "gpos100",
			"end": "12822904"
		},
		{
			"start": "12822904",
			"fill": "gneg",
			"end": "17754791"
		},
		{
			"start": "17754791",
			"fill": "gpos33",
			"end": "23673055"
		},
		{
			"start": "23673055",
			"fill": "gneg",
			"end": "33536828"
		},
		{
			"start": "33536828",
			"fill": "gpos100",
			"end": "41427846"
		},
		{
			"start": "41427846",
			"fill": "gneg",
			"end": "48332487"
		},
		{
			"start": "48332487",
			"fill": "gpos100",
			"end": "56223506"
		},
		{
			"start": "56223506",
			"fill": "gneg",
			"end": "64114524"
		},
		{
			"start": "64114524",
			"fill": "gpos100",
			"end": "68060034"
		},
		{
			"start": "68060034",
			"fill": "gneg",
			"end": "68553222"
		},
		{
			"start": "68553222",
			"fill": "gpos100",
			"end": "74964675"
		},
		{
			"start": "74964675",
			"fill": "gneg",
			"end": "89267146"
		},
		{
			"start": "89267146",
			"fill": "gpos33",
			"end": "96171787"
		},
		{
			"start": "96171787",
			"fill": "gneg",
			"end": "99130919"
		},
		{
			"start": "99130919",
			"fill": "gpos100",
			"end": "111953824"
		},
		{
			"start": "111953824",
			"fill": "gneg",
			"end": "124776729"
		},
		{
			"start": "124776729",
			"fill": "gpos33",
			"end": "130694993"
		}
	],
	"11": [
		{
			"start": "0",
			"fill": "gpos100",
			"end": "13046989"
		},
		{
			"start": "13046989",
			"fill": "gneg",
			"end": "17240664"
		},
		{
			"start": "17240664",
			"fill": "gpos100",
			"end": "21900303"
		},
		{
			"start": "21900303",
			"fill": "gneg",
			"end": "25628014"
		},
		{
			"start": "25628014",
			"fill": "gpos100",
			"end": "30287653"
		},
		{
			"start": "30287653",
			"fill": "gneg",
			"end": "36345184"
		},
		{
			"start": "36345184",
			"fill": "gpos100",
			"end": "43334643"
		},
		{
			"start": "43334643",
			"fill": "gneg",
			"end": "47994282"
		},
		{
			"start": "47994282",
			"fill": "gpos33",
			"end": "49858137"
		},
		{
			"start": "49858137",
			"fill": "gneg",
			"end": "60109343"
		},
		{
			"start": "60109343",
			"fill": "gpos33",
			"end": "62905127"
		},
		{
			"start": "62905127",
			"fill": "gneg",
			"end": "70826513"
		},
		{
			"start": "70826513",
			"fill": "gpos33",
			"end": "74088260"
		},
		{
			"start": "74088260",
			"fill": "gneg",
			"end": "82009647"
		},
		{
			"start": "82009647",
			"fill": "gpos100",
			"end": "90396997"
		},
		{
			"start": "90396997",
			"fill": "gneg",
			"end": "102512059"
		},
		{
			"start": "102512059",
			"fill": "gpos66",
			"end": "110433445"
		},
		{
			"start": "110433445",
			"fill": "gneg",
			"end": "122082543"
		}
	],
	"12": [
		{
			"start": "0",
			"fill": "gpos100",
			"end": "17601321"
		},
		{
			"start": "17601321",
			"fill": "gneg",
			"end": "21121586"
		},
		{
			"start": "21121586",
			"fill": "gpos66",
			"end": "25961949"
		},
		{
			"start": "25961949",
			"fill": "gneg",
			"end": "31682379"
		},
		{
			"start": "31682379",
			"fill": "gpos33",
			"end": "39162941"
		},
		{
			"start": "39162941",
			"fill": "gneg",
			"end": "44003304"
		},
		{
			"start": "44003304",
			"fill": "gpos33",
			"end": "44883370"
		},
		{
			"start": "44883370",
			"fill": "gneg",
			"end": "51923899"
		},
		{
			"start": "51923899",
			"fill": "gpos100",
			"end": "66004957"
		},
		{
			"start": "66004957",
			"fill": "gneg",
			"end": "71285353"
		},
		{
			"start": "71285353",
			"fill": "gpos100",
			"end": "80966080"
		},
		{
			"start": "80966080",
			"fill": "gneg",
			"end": "85366411"
		},
		{
			"start": "85366411",
			"fill": "gpos33",
			"end": "88446642"
		},
		{
			"start": "88446642",
			"fill": "gneg",
			"end": "95487171"
		},
		{
			"start": "95487171",
			"fill": "gpos100",
			"end": "106047964"
		},
		{
			"start": "106047964",
			"fill": "gneg",
			"end": "114408592"
		},
		{
			"start": "114408592",
			"fill": "gpos66",
			"end": "120129022"
		}
	],
	"13": [
		{
			"start": "0",
			"fill": "gpos100",
			"end": "16286533"
		},
		{
			"start": "16286533",
			"fill": "gneg",
			"end": "21221846"
		},
		{
			"start": "21221846",
			"fill": "gpos66",
			"end": "29611878"
		},
		{
			"start": "29611878",
			"fill": "gneg",
			"end": "33066597"
		},
		{
			"start": "33066597",
			"fill": "gpos33",
			"end": "41456629"
		},
		{
			"start": "41456629",
			"fill": "gneg",
			"end": "44417817"
		},
		{
			"start": "44417817",
			"fill": "gpos33",
			"end": "52807849"
		},
		{
			"start": "52807849",
			"fill": "gneg",
			"end": "59223756"
		},
		{
			"start": "59223756",
			"fill": "gpos33",
			"end": "61691413"
		},
		{
			"start": "61691413",
			"fill": "gneg",
			"end": "69587914"
		},
		{
			"start": "69587914",
			"fill": "gpos33",
			"end": "78471477"
		},
		{
			"start": "78471477",
			"fill": "gneg",
			"end": "80939134"
		},
		{
			"start": "80939134",
			"fill": "gpos100",
			"end": "94758011"
		},
		{
			"start": "94758011",
			"fill": "gneg",
			"end": "106602762"
		},
		{
			"start": "106602762",
			"fill": "gpos33",
			"end": "110551012"
		},
		{
			"start": "110551012",
			"fill": "gneg",
			"end": "116473388"
		},
		{
			"start": "116473388",
			"fill": "gpos33",
			"end": "120421639"
		}
	],
	"14": [
		{
			"start": "0",
			"fill": "gpos100",
			"end": "14988269"
		},
		{
			"start": "14988269",
			"fill": "gneg",
			"end": "19484750"
		},
		{
			"start": "19484750",
			"fill": "gpos33",
			"end": "29976538"
		},
		{
			"start": "29976538",
			"fill": "gneg",
			"end": "43465980"
		},
		{
			"start": "43465980",
			"fill": "gpos100",
			"end": "51959333"
		},
		{
			"start": "51959333",
			"fill": "gneg",
			"end": "54956987"
		},
		{
			"start": "54956987",
			"fill": "gpos66",
			"end": "59953077"
		},
		{
			"start": "59953077",
			"fill": "gneg",
			"end": "68946038"
		},
		{
			"start": "68946038",
			"fill": "gpos33",
			"end": "72942910"
		},
		{
			"start": "72942910",
			"fill": "gneg",
			"end": "84933525"
		},
		{
			"start": "84933525",
			"fill": "gpos66",
			"end": "88930397"
		},
		{
			"start": "88930397",
			"fill": "gpos100",
			"end": "98922577"
		},
		{
			"start": "98922577",
			"fill": "gneg",
			"end": "99921795"
		},
		{
			"start": "99921795",
			"fill": "gpos100",
			"end": "107415929"
		},
		{
			"start": "107415929",
			"fill": "gneg",
			"end": "110913192"
		},
		{
			"start": "110913192",
			"fill": "gpos100",
			"end": "120905372"
		},
		{
			"start": "120905372",
			"fill": "gneg",
			"end": "124902244"
		}
	],
	"15": [
		{
			"start": "0",
			"fill": "gpos100",
			"end": "16500320"
		},
		{
			"start": "16500320",
			"fill": "gneg",
			"end": "24292137"
		},
		{
			"start": "24292137",
			"fill": "gpos33",
			"end": "29792244"
		},
		{
			"start": "29792244",
			"fill": "gneg",
			"end": "32083955"
		},
		{
			"start": "32083955",
			"fill": "gpos100",
			"end": "43084169"
		},
		{
			"start": "43084169",
			"fill": "gneg",
			"end": "44917538"
		},
		{
			"start": "44917538",
			"fill": "gpos66",
			"end": "49959302"
		},
		{
			"start": "49959302",
			"fill": "gneg",
			"end": "53626040"
		},
		{
			"start": "53626040",
			"fill": "gpos100",
			"end": "66459622"
		},
		{
			"start": "66459622",
			"fill": "gneg",
			"end": "68751333"
		},
		{
			"start": "68751333",
			"fill": "gpos66",
			"end": "77459835"
		},
		{
			"start": "77459835",
			"fill": "gneg",
			"end": "83876627"
		},
		{
			"start": "83876627",
			"fill": "gpos33",
			"end": "87085022"
		},
		{
			"start": "87085022",
			"fill": "gneg",
			"end": "95793524"
		},
		{
			"start": "95793524",
			"fill": "gpos66",
			"end": "101293631"
		},
		{
			"start": "101293631",
			"fill": "gneg",
			"end": "102210316"
		},
		{
			"start": "102210316",
			"fill": "gpos33",
			"end": "104043685"
		}
	],
	"16": [
		{
			"start": "0",
			"fill": "gpos100",
			"end": "15432649"
		},
		{
			"start": "15432649",
			"fill": "gneg",
			"end": "16367961"
		},
		{
			"start": "16367961",
			"fill": "gpos33",
			"end": "20576865"
		},
		{
			"start": "20576865",
			"fill": "gneg",
			"end": "26188738"
		},
		{
			"start": "26188738",
			"fill": "gpos33",
			"end": "32268266"
		},
		{
			"start": "32268266",
			"fill": "gneg",
			"end": "38347795"
		},
		{
			"start": "38347795",
			"fill": "gpos33",
			"end": "44894979"
		},
		{
			"start": "44894979",
			"fill": "gneg",
			"end": "53780444"
		},
		{
			"start": "53780444",
			"fill": "gpos66",
			"end": "57989348"
		},
		{
			"start": "57989348",
			"fill": "gneg",
			"end": "58924660"
		},
		{
			"start": "58924660",
			"fill": "gpos66",
			"end": "66874813"
		},
		{
			"start": "66874813",
			"fill": "gneg",
			"end": "70616061"
		},
		{
			"start": "70616061",
			"fill": "gpos100",
			"end": "79033870"
		},
		{
			"start": "79033870",
			"fill": "gneg",
			"end": "79501526"
		},
		{
			"start": "79501526",
			"fill": "gpos100",
			"end": "91660583"
		},
		{
			"start": "91660583",
			"fill": "gneg",
			"end": "98207768"
		}
	],
	"17": [
		{
			"start": "0",
			"fill": "gpos100",
			"end": "13943085"
		},
		{
			"start": "13943085",
			"fill": "gneg",
			"end": "16121692"
		},
		{
			"start": "16121692",
			"fill": "gpos33",
			"end": "17428857"
		},
		{
			"start": "17428857",
			"fill": "gneg",
			"end": "21786071"
		},
		{
			"start": "21786071",
			"fill": "gpos66",
			"end": "31371942"
		},
		{
			"start": "31371942",
			"fill": "gneg",
			"end": "40086371"
		},
		{
			"start": "40086371",
			"fill": "gpos33",
			"end": "41393535"
		},
		{
			"start": "41393535",
			"fill": "gneg",
			"end": "45750749"
		},
		{
			"start": "45750749",
			"fill": "gpos66",
			"end": "55772342"
		},
		{
			"start": "55772342",
			"fill": "gneg",
			"end": "60129556"
		},
		{
			"start": "60129556",
			"fill": "gpos100",
			"end": "67972542"
		},
		{
			"start": "67972542",
			"fill": "gneg",
			"end": "68843985"
		},
		{
			"start": "68843985",
			"fill": "gpos100",
			"end": "73201199"
		},
		{
			"start": "73201199",
			"fill": "gneg",
			"end": "78429856"
		},
		{
			"start": "78429856",
			"fill": "gpos33",
			"end": "82787071"
		},
		{
			"start": "82787071",
			"fill": "gneg",
			"end": "88887171"
		},
		{
			"start": "88887171",
			"fill": "gpos33",
			"end": "94987271"
		}
	],
	"18": [
		{
			"start": "0",
			"fill": "gpos100",
			"end": "19406146"
		},
		{
			"start": "19406146",
			"fill": "gneg",
			"end": "29531091"
		},
		{
			"start": "29531091",
			"fill": "gpos66",
			"end": "35437310"
		},
		{
			"start": "35437310",
			"fill": "gneg",
			"end": "37124801"
		},
		{
			"start": "37124801",
			"fill": "gpos100",
			"end": "45562255"
		},
		{
			"start": "45562255",
			"fill": "gneg",
			"end": "49780983"
		},
		{
			"start": "49780983",
			"fill": "gpos100",
			"end": "53999710"
		},
		{
			"start": "53999710",
			"fill": "gneg",
			"end": "54421583"
		},
		{
			"start": "54421583",
			"fill": "gpos100",
			"end": "60749674"
		},
		{
			"start": "60749674",
			"fill": "gneg",
			"end": "67921511"
		},
		{
			"start": "67921511",
			"fill": "gpos33",
			"end": "75093347"
		},
		{
			"start": "75093347",
			"fill": "gneg",
			"end": "83530802"
		},
		{
			"start": "83530802",
			"fill": "gpos33",
			"end": "90702639"
		}
	],
	"19": [
		{
			"start": "0",
			"fill": "gpos100",
			"end": "16680094"
		},
		{
			"start": "16680094",
			"fill": "gneg",
			"end": "25630388"
		},
		{
			"start": "25630388",
			"fill": "gpos66",
			"end": "34987514"
		},
		{
			"start": "34987514",
			"fill": "gneg",
			"end": "38242166"
		},
		{
			"start": "38242166",
			"fill": "gpos66",
			"end": "47599292"
		},
		{
			"start": "47599292",
			"fill": "gneg",
			"end": "51667608"
		},
		{
			"start": "51667608",
			"fill": "gpos33",
			"end": "58990576"
		},
		{
			"start": "58990576",
			"fill": "gneg",
			"end": "61431566"
		}
	]
}
}
