{"cytobands": {
	"1": [
		{
			"start": "0",
			"fill": "gneg",
			"end": "10981874"
		},
		{
			"start": "10981874",
			"fill": "gvar",
			"end": "26282462"
		},
		{
			"start": "26282462",
			"fill": "gneg",
			"end": "41706442"
		},
		{
			"start": "41706442",
			"fill": "gpos",
			"end": "52688316"
		},
		{
			"start": "52688316",
			"fill": "gneg",
			"end": "75515806"
		},
		{
			"start": "75515806",
			"fill": "gpos",
			"end": "97479554"
		},
		{
			"start": "97479554",
			"fill": "gneg",
			"end": "134003538"
		},
		{
			"start": "134003538",
			"fill": "gpos",
			"end": "152882490"
		},
		{
			"start": "152882490",
			"fill": "gneg",
			"end": "175709980"
		},
		{
			"start": "175709980",
			"fill": "gpos",
			"end": "184594193"
		},
		{
			"start": "184594193",
			"fill": "gneg",
			"end": "188912907"
		},
		{
			"start": "188912907",
			"fill": "gpos",
			"end": "194712323"
		},
		{
			"start": "194712323",
			"fill": "gneg",
			"end": "203473144"
		},
		{
			"start": "203473144",
			"fill": "gpos",
			"end": "206557940"
		},
		{
			"start": "206557940",
			"fill": "gneg",
			"end": "221858528"
		},
		{
			"start": "221858528",
			"fill": "gpos",
			"end": "224573149"
		},
		{
			"start": "224573149",
			"fill": "gneg",
			"end": "241724614"
		},
		{
			"start": "241724614",
			"fill": "gpos",
			"end": "250485435"
		},
		{
			"start": "250485435",
			"fill": "gneg",
			"end": "259246256"
		},
		{
			"start": "259246256",
			"fill": "gpos",
			"end": "265909415"
		},
		{
			"start": "265909415",
			"fill": "gneg",
			"end": "274670236"
		},
		{
			"start": "274670236",
			"fill": "gvar",
			"end": "290094216"
		}
	],
	"2": [
		{
			"start": "0",
			"fill": "gpos",
			"end": "17538851"
		},
		{
			"start": "17538851",
			"fill": "gneg",
			"end": "38165526"
		},
		{
			"start": "38165526",
			"fill": "gpos",
			"end": "40882813"
		},
		{
			"start": "40882813",
			"fill": "gneg",
			"end": "52740064"
		},
		{
			"start": "52740064",
			"fill": "gpos",
			"end": "56198429"
		},
		{
			"start": "56198429",
			"fill": "gneg",
			"end": "70278914"
		},
		{
			"start": "70278914",
			"fill": "gpos",
			"end": "80406982"
		},
		{
			"start": "80406982",
			"fill": "gneg",
			"end": "93622876"
		},
		{
			"start": "93622876",
			"fill": "gpos",
			"end": "107703361"
		},
		{
			"start": "107703361",
			"fill": "gneg",
			"end": "129688681"
		},
		{
			"start": "129688681",
			"fill": "gpos",
			"end": "139816749"
		},
		{
			"start": "139816749",
			"fill": "gneg",
			"end": "160566938"
		},
		{
			"start": "160566938",
			"fill": "gpos",
			"end": "175882553"
		},
		{
			"start": "175882553",
			"fill": "gneg",
			"end": "189098447"
		},
		{
			"start": "189098447",
			"fill": "gpos",
			"end": "192680325"
		},
		{
			"start": "192680325",
			"fill": "gneg",
			"end": "226522895"
		},
		{
			"start": "226522895",
			"fill": "gpos",
			"end": "241838510"
		},
		{
			"start": "241838510",
			"fill": "gneg",
			"end": "250731449"
		},
		{
			"start": "250731449",
			"fill": "gpos",
			"end": "259500874"
		},
		{
			"start": "259500874",
			"fill": "gneg",
			"end": "271852176"
		},
		{
			"start": "271852176",
			"fill": "gvar",
			"end": "285068071"
		}
	],
	"3": [
		{
			"start": "0",
			"fill": "gvar",
			"end": "5698215"
		},
		{
			"start": "5698215",
			"fill": "gneg",
			"end": "11826483"
		},
		{
			"start": "11826483",
			"fill": "gpos",
			"end": "17524697"
		},
		{
			"start": "17524697",
			"fill": "gpos",
			"end": "22900371"
		},
		{
			"start": "22900371",
			"fill": "gneg",
			"end": "42037769"
		},
		{
			"start": "42037769",
			"fill": "gpos",
			"end": "58164791"
		},
		{
			"start": "58164791",
			"fill": "gneg",
			"end": "59992520"
		},
		{
			"start": "59992520",
			"fill": "gpos",
			"end": "65045653"
		},
		{
			"start": "65045653",
			"fill": "gneg",
			"end": "84183052"
		},
		{
			"start": "84183052",
			"fill": "gpos",
			"end": "94826886"
		},
		{
			"start": "94826886",
			"fill": "gneg",
			"end": "97944776"
		},
		{
			"start": "97944776",
			"fill": "gpos",
			"end": "103320450"
		},
		{
			"start": "103320450",
			"fill": "gneg",
			"end": "107083422"
		},
		{
			"start": "107083422",
			"fill": "gpos",
			"end": "120522606"
		},
		{
			"start": "120522606",
			"fill": "gneg",
			"end": "137724762"
		},
		{
			"start": "137724762",
			"fill": "gpos",
			"end": "156109566"
		},
		{
			"start": "156109566",
			"fill": "gneg",
			"end": "177934802"
		},
		{
			"start": "177934802",
			"fill": "gvar",
			"end": "183740530"
		}
	],
	"4": [
		{
			"start": "0",
			"fill": "gneg",
			"end": "20719639"
		},
		{
			"start": "20719639",
			"fill": "gpos",
			"end": "33705892"
		},
		{
			"start": "33705892",
			"fill": "gneg",
			"end": "42460669"
		},
		{
			"start": "42460669",
			"fill": "gpos",
			"end": "61283439"
		},
		{
			"start": "61283439",
			"fill": "gneg",
			"end": "92362897"
		},
		{
			"start": "92362897",
			"fill": "gpos",
			"end": "96010721"
		},
		{
			"start": "96010721",
			"fill": "gneg",
			"end": "123004616"
		},
		{
			"start": "123004616",
			"fill": "gpos",
			"end": "136574521"
		},
		{
			"start": "136574521",
			"fill": "gneg",
			"end": "138617302"
		},
		{
			"start": "138617302",
			"fill": "gpos",
			"end": "148977121"
		},
		{
			"start": "148977121",
			"fill": "gneg",
			"end": "181807535"
		},
		{
			"start": "181807535",
			"fill": "gpos",
			"end": "194793787"
		},
		{
			"start": "194793787",
			"fill": "gneg",
			"end": "225873245"
		},
		{
			"start": "225873245",
			"fill": "gpos",
			"end": "231126112"
		},
		{
			"start": "231126112",
			"fill": "gneg",
			"end": "248343840"
		}
	],
	"5": [
		{
			"start": "0",
			"fill": "gneg",
			"end": "12582206"
		},
		{
			"start": "12582206",
			"fill": "gpos",
			"end": "20703447"
		},
		{
			"start": "20703447",
			"fill": "gneg",
			"end": "35344559"
		},
		{
			"start": "35344559",
			"fill": "gpos",
			"end": "52845263"
		},
		{
			"start": "52845263",
			"fill": "gneg",
			"end": "68401444"
		},
		{
			"start": "68401444",
			"fill": "gpos",
			"end": "71261036"
		},
		{
			"start": "71261036",
			"fill": "gneg",
			"end": "87503519"
		},
		{
			"start": "87503519",
			"fill": "gpos",
			"end": "107063129"
		},
		{
			"start": "107063129",
			"fill": "gneg",
			"end": "114841220"
		},
		{
			"start": "114841220",
			"fill": "gpos",
			"end": "126165204"
		},
		{
			"start": "126165204",
			"fill": "gneg",
			"end": "131541237"
		},
		{
			"start": "131541237",
			"fill": "gpos",
			"end": "138404259"
		},
		{
			"start": "138404259",
			"fill": "gneg",
			"end": "177180328"
		}
	],
	"6": [
		{
			"start": "0",
			"fill": "gpos",
			"end": "4166475"
		},
		{
			"start": "4166475",
			"fill": "gneg",
			"end": "22379918"
		},
		{
			"start": "22379918",
			"fill": "gpos",
			"end": "26665434"
		},
		{
			"start": "26665434",
			"fill": "gneg",
			"end": "38926772"
		},
		{
			"start": "38926772",
			"fill": "gpos",
			"end": "43212288"
		},
		{
			"start": "43212288",
			"fill": "gneg",
			"end": "59282974"
		},
		{
			"start": "59282974",
			"fill": "gpos",
			"end": "72020480"
		},
		{
			"start": "72020480",
			"fill": "gneg",
			"end": "76663122"
		},
		{
			"start": "76663122",
			"fill": "gpos",
			"end": "89043502"
		},
		{
			"start": "89043502",
			"fill": "gneg",
			"end": "114399473"
		},
		{
			"start": "114399473",
			"fill": "gpos",
			"end": "127136979"
		},
		{
			"start": "127136979",
			"fill": "gneg",
			"end": "148326475"
		},
		{
			"start": "148326475",
			"fill": "gpos",
			"end": "156897508"
		}
	],
	"7": [
		{
			"start": "0",
			"fill": "gneg",
			"end": "15326547"
		},
		{
			"start": "15326547",
			"fill": "gpos",
			"end": "18164796"
		},
		{
			"start": "18164796",
			"fill": "gneg",
			"end": "41211381"
		},
		{
			"start": "41211381",
			"fill": "gpos",
			"end": "52450848"
		},
		{
			"start": "52450848",
			"fill": "gneg",
			"end": "76746262"
		},
		{
			"start": "76746262",
			"fill": "gpos",
			"end": "92072809"
		},
		{
			"start": "92072809",
			"fill": "gneg",
			"end": "94911058"
		},
		{
			"start": "94911058",
			"fill": "gpos",
			"end": "105015226"
		},
		{
			"start": "105015226",
			"fill": "gneg",
			"end": "129310640"
		},
		{
			"start": "129310640",
			"fill": "gpos",
			"end": "136576558"
		},
		{
			"start": "136576558",
			"fill": "gneg",
			"end": "143501887"
		}
	],
	"8": [
		{
			"start": "0",
			"fill": "gneg",
			"end": "12188669"
		},
		{
			"start": "12188669",
			"fill": "gpos",
			"end": "17258292"
		},
		{
			"start": "17258292",
			"fill": "gneg",
			"end": "32575026"
		},
		{
			"start": "32575026",
			"fill": "gpos",
			"end": "41419900"
		},
		{
			"start": "41419900",
			"fill": "gneg",
			"end": "50264775"
		},
		{
			"start": "50264775",
			"fill": "gpos",
			"end": "55657991"
		},
		{
			"start": "55657991",
			"fill": "gneg",
			"end": "84457765"
		},
		{
			"start": "84457765",
			"fill": "gpos",
			"end": "109374423"
		},
		{
			"start": "109374423",
			"fill": "gneg",
			"end": "132457389"
		}
	],
	"9": [
		{
			"start": "0",
			"fill": "gneg",
			"end": "7774132"
		},
		{
			"start": "7774132",
			"fill": "gpos",
			"end": "18279714"
		},
		{
			"start": "18279714",
			"fill": "gneg",
			"end": "30256078"
		},
		{
			"start": "30256078",
			"fill": "gpos",
			"end": "44858838"
		},
		{
			"start": "44858838",
			"fill": "gneg",
			"end": "56099811"
		},
		{
			"start": "56099811",
			"fill": "gpos",
			"end": "66500338"
		},
		{
			"start": "66500338",
			"fill": "gneg",
			"end": "75114916"
		},
		{
			"start": "75114916",
			"fill": "gpos",
			"end": "84149717"
		},
		{
			"start": "84149717",
			"fill": "gneg",
			"end": "89717675"
		},
		{
			"start": "89717675",
			"fill": "gpos",
			"end": "96441248"
		},
		{
			"start": "96441248",
			"fill": "gneg",
			"end": "108417612"
		},
		{
			"start": "108417612",
			"fill": "gpos",
			"end": "115141185"
		},
		{
			"start": "115141185",
			"fill": "gneg",
			"end": "121549591"
		}
	],
	"X": [
		{
			"start": "0",
			"fill": "gvar",
			"end": "7444505"
		},
		{
			"start": "7444505",
			"fill": "gneg",
			"end": "20720538"
		},
		{
			"start": "20720538",
			"fill": "gpos",
			"end": "28661343"
		},
		{
			"start": "28661343",
			"fill": "gneg",
			"end": "37966974"
		},
		{
			"start": "37966974",
			"fill": "gpos",
			"end": "57322685"
		},
		{
			"start": "57322685",
			"fill": "gneg",
			"end": "78167298"
		},
		{
			"start": "78167298",
			"fill": "gpos",
			"end": "97150785"
		},
		{
			"start": "97150785",
			"fill": "gneg",
			"end": "108193466"
		},
		{
			"start": "108193466",
			"fill": "gpos",
			"end": "111295343"
		},
		{
			"start": "111295343",
			"fill": "gneg",
			"end": "117871322"
		},
		{
			"start": "117871322",
			"fill": "gpos",
			"end": "130278830"
		},
		{
			"start": "130278830",
			"fill": "gneg",
			"end": "143554863"
		},
		{
			"start": "143554863",
			"fill": "gpos",
			"end": "154597545"
		}
	],
	"10": [
		{
			"start": "0",
			"fill": "gpos",
			"end": "6338477"
		},
		{
			"start": "6338477",
			"fill": "gneg",
			"end": "26583761"
		},
		{
			"start": "26583761",
			"fill": "gpos",
			"end": "35287341"
		},
		{
			"start": "35287341",
			"fill": "gneg",
			"end": "48153503"
		},
		{
			"start": "48153503",
			"fill": "gpos",
			"end": "50518606"
		},
		{
			"start": "50518606",
			"fill": "gneg",
			"end": "64614622"
		},
		{
			"start": "64614622",
			"fill": "gpos",
			"end": "67358142"
		},
		{
			"start": "67358142",
			"fill": "gneg",
			"end": "84197677"
		},
		{
			"start": "84197677",
			"fill": "gpos",
			"end": "89211696"
		},
		{
			"start": "89211696",
			"fill": "gneg",
			"end": "105105190"
		},
		{
			"start": "105105190",
			"fill": "gpos",
			"end": "106808064"
		},
		{
			"start": "106808064",
			"fill": "gneg",
			"end": "112200500"
		}
	],
	"11": [
		{
			"start": "0",
			"fill": "gneg",
			"end": "7093786"
		},
		{
			"start": "7093786",
			"fill": "gpos",
			"end": "15985995"
		},
		{
			"start": "15985995",
			"fill": "gpos",
			"end": "39065775"
		},
		{
			"start": "39065775",
			"fill": "gneg",
			"end": "51554833"
		},
		{
			"start": "51554833",
			"fill": "gpos",
			"end": "69239339"
		},
		{
			"start": "69239339",
			"fill": "gneg",
			"end": "81728398"
		},
		{
			"start": "81728398",
			"fill": "gvar",
			"end": "93518069"
		}
	],
	"12": [
		{
			"start": "0",
			"fill": "gvar",
			"end": "6382511"
		},
		{
			"start": "6382511",
			"fill": "gneg",
			"end": "14626588"
		},
		{
			"start": "14626588",
			"fill": "gvar",
			"end": "21740428"
		},
		{
			"start": "21740428",
			"fill": "gneg",
			"end": "31247709"
		},
		{
			"start": "31247709",
			"fill": "gpos",
			"end": "33109275"
		},
		{
			"start": "33109275",
			"fill": "gneg",
			"end": "37829674"
		},
		{
			"start": "37829674",
			"fill": "gpos",
			"end": "39491786"
		},
		{
			"start": "39491786",
			"fill": "gneg",
			"end": "54450796"
		}
	],
	"13": [
		{
			"start": "0",
			"fill": "gvar",
			"end": "18583854"
		},
		{
			"start": "18583854",
			"fill": "gneg",
			"end": "24486961"
		},
		{
			"start": "24486961",
			"fill": "gpos",
			"end": "32248452"
		},
		{
			"start": "32248452",
			"fill": "gneg",
			"end": "42742864"
		},
		{
			"start": "42742864",
			"fill": "gpos",
			"end": "45913051"
		},
		{
			"start": "45913051",
			"fill": "gneg",
			"end": "59468332"
		},
		{
			"start": "59468332",
			"fill": "gpos",
			"end": "76631068"
		},
		{
			"start": "76631068",
			"fill": "gneg",
			"end": "85595044"
		},
		{
			"start": "85595044",
			"fill": "gpos",
			"end": "88655914"
		},
		{
			"start": "88655914",
			"fill": "gneg",
			"end": "97291940"
		},
		{
			"start": "97291940",
			"fill": "gpos",
			"end": "100352810"
		},
		{
			"start": "100352810",
			"fill": "gneg",
			"end": "112814924"
		},
		{
			"start": "112814924",
			"fill": "gpos",
			"end": "118718031"
		}
	],
	"14": [
		{
			"start": "0",
			"fill": "gneg",
			"end": "21702883"
		},
		{
			"start": "21702883",
			"fill": "gpos",
			"end": "32238262"
		},
		{
			"start": "32238262",
			"fill": "gneg",
			"end": "50569823"
		},
		{
			"start": "50569823",
			"fill": "gpos",
			"end": "70481691"
		},
		{
			"start": "70481691",
			"fill": "gneg",
			"end": "97452263"
		},
		{
			"start": "97452263",
			"fill": "gvar",
			"end": "115151701"
		}
	],
	"15": [
		{
			"start": "0",
			"fill": "gneg",
			"end": "15141550"
		},
		{
			"start": "15141550",
			"fill": "gpos",
			"end": "17945541"
		},
		{
			"start": "17945541",
			"fill": "gneg",
			"end": "33087091"
		},
		{
			"start": "33087091",
			"fill": "gpos",
			"end": "35891081"
		},
		{
			"start": "35891081",
			"fill": "gneg",
			"end": "49911035"
		},
		{
			"start": "49911035",
			"fill": "gpos",
			"end": "56640612"
		},
		{
			"start": "56640612",
			"fill": "gpos",
			"end": "63033711"
		},
		{
			"start": "63033711",
			"fill": "gneg",
			"end": "75034791"
		},
		{
			"start": "75034791",
			"fill": "gpos",
			"end": "90624979"
		},
		{
			"start": "90624979",
			"fill": "gneg",
			"end": "95784322"
		},
		{
			"start": "95784322",
			"fill": "gpos",
			"end": "103747656"
		},
		{
			"start": "103747656",
			"fill": "gneg",
			"end": "110925872"
		},
		{
			"start": "110925872",
			"fill": "gpos",
			"end": "114627140"
		}
	],
	"16": [
		{
			"start": "0",
			"fill": "gneg",
			"end": "10223792"
		},
		{
			"start": "10223792",
			"fill": "gpos",
			"end": "12082663"
		},
		{
			"start": "12082663",
			"fill": "gneg",
			"end": "24991491"
		},
		{
			"start": "24991491",
			"fill": "gpos",
			"end": "29328857"
		},
		{
			"start": "29328857",
			"fill": "gneg",
			"end": "34905471"
		},
		{
			"start": "34905471",
			"fill": "gpos",
			"end": "42237685"
		},
		{
			"start": "42237685",
			"fill": "gpos",
			"end": "51428770"
		},
		{
			"start": "51428770",
			"fill": "gneg",
			"end": "58760984"
		},
		{
			"start": "58760984",
			"fill": "gpos",
			"end": "61652562"
		},
		{
			"start": "61652562",
			"fill": "gneg",
			"end": "69088046"
		},
		{
			"start": "69088046",
			"fill": "gpos",
			"end": "71669812"
		},
		{
			"start": "71669812",
			"fill": "gneg",
			"end": "90051983"
		}
	],
	"17": [
		{
			"start": "0",
			"fill": "gneg",
			"end": "21826671"
		},
		{
			"start": "21826671",
			"fill": "gpos",
			"end": "24009338"
		},
		{
			"start": "24009338",
			"fill": "gneg",
			"end": "40639183"
		},
		{
			"start": "40639183",
			"fill": "gpos",
			"end": "46251756"
		},
		{
			"start": "46251756",
			"fill": "gpos",
			"end": "51760391"
		},
		{
			"start": "51760391",
			"fill": "gneg",
			"end": "69533538"
		},
		{
			"start": "69533538",
			"fill": "gpos",
			"end": "72131951"
		},
		{
			"start": "72131951",
			"fill": "gneg",
			"end": "92503511"
		}
	],
	"18": [
		{
			"start": "0",
			"fill": "gpos",
			"end": "10600085"
		},
		{
			"start": "10600085",
			"fill": "gneg",
			"end": "27493970"
		},
		{
			"start": "27493970",
			"fill": "gpos",
			"end": "37321131"
		},
		{
			"start": "37321131",
			"fill": "gpos",
			"end": "51012907"
		},
		{
			"start": "51012907",
			"fill": "gneg",
			"end": "67575539"
		},
		{
			"start": "67575539",
			"fill": "gpos",
			"end": "71440153"
		},
		{
			"start": "71440153",
			"fill": "gneg",
			"end": "82813161"
		},
		{
			"start": "82813161",
			"fill": "gpos",
			"end": "87229863"
		}
	],
	"19": [
		{
			"start": "0",
			"fill": "gpos",
			"end": "4999319"
		},
		{
			"start": "4999319",
			"fill": "gneg",
			"end": "13017093"
		},
		{
			"start": "13017093",
			"fill": "gpos",
			"end": "15092282"
		},
		{
			"start": "15092282",
			"fill": "gneg",
			"end": "27543415"
		},
		{
			"start": "27543415",
			"fill": "gpos",
			"end": "43673291"
		},
		{
			"start": "43673291",
			"fill": "gneg",
			"end": "72914587"
		}
	],
	"20": [
		{
			"start": "0",
			"fill": "gneg",
			"end": "16687966"
		},
		{
			"start": "16687966",
			"fill": "gpos",
			"end": "27887943"
		},
		{
			"start": "27887943",
			"fill": "gneg",
			"end": "39759919"
		},
		{
			"start": "39759919",
			"fill": "gpos",
			"end": "47823902"
		},
		{
			"start": "47823902",
			"fill": "gneg",
			"end": "57791882"
		}
	]
}
}
