{"cytobands": {
	"1": [
		{
			"start": "0",
			"fill": "gneg",
			"end": "122678785"
		}
	],
	"2": [
		{
			"start": "0",
			"fill": "gneg",
			"end": "85426708"
		}
	],
	"3": [
		{
			"start": "0",
			"fill": "gneg",
			"end": "91889043"
		}
	],
	"4": [
		{
			"start": "0",
			"fill": "gneg",
			"end": "88276631"
		}
	],
	"5": [
		{
			"start": "0",
			"fill": "gneg",
			"end": "88915250"
		}
	],
	"6": [
		{
			"start": "0",
			"fill": "gneg",
			"end": "77573801"
		}
	],
	"7": [
		{
			"start": "0",
			"fill": "gneg",
			"end": "80974532"
		}
	],
	"8": [
		{
			"start": "0",
			"fill": "gneg",
			"end": "74330416"
		}
	],
	"9": [
		{
			"start": "0",
			"fill": "gneg",
			"end": "61074082"
		}
	],
	"M": [
		{
			"start": "0",
			"fill": "gneg",
			"end": "16727"
		}
	],
	"X": [
		{
			"start": "0",
			"fill": "gneg",
			"end": "123869142"
		}
	],
	"10": [
		{
			"start": "0",
			"fill": "gneg",
			"end": "69331447"
		}
	],
	"11": [
		{
			"start": "0",
			"fill": "gneg",
			"end": "74389097"
		}
	],
	"12": [
		{
			"start": "0",
			"fill": "gneg",
			"end": "72498081"
		}
	],
	"13": [
		{
			"start": "0",
			"fill": "gneg",
			"end": "63241923"
		}
	],
	"14": [
		{
			"start": "0",
			"fill": "gneg",
			"end": "60966679"
		}
	],
	"15": [
		{
			"start": "0",
			"fill": "gneg",
			"end": "64190966"
		}
	],
	"16": [
		{
			"start": "0",
			"fill": "gneg",
			"end": "59632846"
		}
	],
	"17": [
		{
			"start": "0",
			"fill": "gneg",
			"end": "64289059"
		}
	],
	"18": [
		{
			"start": "0",
			"fill": "gneg",
			"end": "55844845"
		}
	],
	"19": [
		{
			"start": "0",
			"fill": "gneg",
			"end": "53741614"
		}
	],
	"20": [
		{
			"start": "0",
			"fill": "gneg",
			"end": "58134056"
		}
	],
	"21": [
		{
			"start": "0",
			"fill": "gneg",
			"end": "50858623"
		}
	],
	"22": [
		{
			"start": "0",
			"fill": "gneg",
			"end": "61439934"
		}
	],
	"23": [
		{
			"start": "0",
			"fill": "gneg",
			"end": "52294480"
		}
	],
	"24": [
		{
			"start": "0",
			"fill": "gneg",
			"end": "47698779"
		}
	],
	"25": [
		{
			"start": "0",
			"fill": "gneg",
			"end": "51628933"
		}
	],
	"26": [
		{
			"start": "0",
			"fill": "gneg",
			"end": "38964690"
		}
	],
	"27": [
		{
			"start": "0",
			"fill": "gneg",
			"end": "45876710"
		}
	],
	"28": [
		{
			"start": "0",
			"fill": "gneg",
			"end": "41182112"
		}
	],
	"29": [
		{
			"start": "0",
			"fill": "gneg",
			"end": "41845238"
		}
	],
	"30": [
		{
			"start": "0",
			"fill": "gneg",
			"end": "40214260"
		}
	],
	"31": [
		{
			"start": "0",
			"fill": "gneg",
			"end": "39895921"
		}
	],
	"32": [
		{
			"start": "0",
			"fill": "gneg",
			"end": "38810281"
		}
	],
	"33": [
		{
			"start": "0",
			"fill": "gneg",
			"end": "31377067"
		}
	],
	"34": [
		{
			"start": "0",
			"fill": "gneg",
			"end": "42124431"
		}
	],
	"35": [
		{
			"start": "0",
			"fill": "gneg",
			"end": "26524999"
		}
	],
	"36": [
		{
			"start": "0",
			"fill": "gneg",
			"end": "30810995"
		}
	],
	"37": [
		{
			"start": "0",
			"fill": "gneg",
			"end": "30902991"
		}
	],
	"38": [
		{
			"start": "0",
			"fill": "gneg",
			"end": "23914537"
		}
	]
}
}
